realized_volatility_5m,orderbook_imbalance_ratio,relative_strength_index_rsi,exponential_moving_avg_spread,bid_ask_spread_bps,trading_volume_usd_k,target_future_volatility
0.042,0.053,56.622,-0.003,8.008,1201.723,94.19
0.033,0.097,40.604,0.014,2.266,865.724,3.43
0.045,0.06,46.881,0.009,3.999,485.07,55.3
0.058,0.25,59.06,0.006,4.71,665.0,69.31
0.031,-0.151,59.3,0.012,2.387,987.141,25.62
0.031,-0.102,70.718,0.016,0.639,1577.386,-21.58
0.059,-0.119,50.848,-0.006,4.037,656.392,99.43
0.047,0.169,56.29,0.01,3.794,1171.915,23.42
0.028,0.182,45.872,0.001,3.645,718.777,51.72
0.043,0.101,54.548,0.01,4.99,894.188,51.9
0.028,0.233,58.153,0.009,7.645,1456.159,43.0
0.028,-0.192,50.624,0.011,3.833,1155.717,27.14
0.039,0.32,26.747,0.006,4.875,353.48,46.11
0.006,0.294,56.641,-0.001,6.099,621.01,85.02
0.009,0.152,57.104,0.006,5.719,1352.489,36.39
0.027,0.341,42.478,0.01,3.148,906.751,7.69
0.02,-0.278,34.019,0.013,4.712,390.464,59.07
0.04,-0.074,72.662,0.002,5.705,522.419,103.63
0.021,-0.112,58.88,0.013,2.018,1131.397,10.97
0.014,0.15,48.793,0.005,7.28,1247.764,52.82
0.057,-0.169,36.082,0.01,7.649,857.142,73.03
0.032,0.156,40.495,0.005,2.91,1840.126,-17.68
0.036,0.267,70.236,0.009,4.926,1179.661,43.99
0.014,0.145,53.927,0.012,5.913,752.608,51.38
0.027,0.071,44.292,0.002,3.3,523.718,56.29
0.037,-0.158,59.136,0.005,5.56,460.046,97.87
0.018,-0.132,40.598,0.009,4.859,984.169,34.53
0.041,0.245,73.012,0.02,1.271,654.489,7.41
0.026,0.16,70.939,0.004,5.51,1519.498,47.84
0.031,0.013,45.468,0.018,2.08,1436.525,-32.44
0.026,-0.055,43.199,0.018,6.566,1103.227,18.72
0.063,-0.345,15.346,0.008,3.023,378.402,46.25
0.035,-0.173,31.258,0.007,4.145,581.112,48.1
0.019,0.364,33.247,0.005,7.519,1352.271,32.56
0.047,-0.21,53.893,0.008,5.592,624.774,82.59
0.017,0.054,47.433,0.001,2.125,1298.857,20.01
0.038,0.201,33.165,0.008,2.267,1039.842,-2.28
0.006,-0.206,48.064,0.015,3.182,870.687,19.21
0.015,0.053,59.075,0.005,5.368,568.867,87.02
0.038,0.189,59.39,0.007,5.288,812.302,62.97
0.046,0.022,25.405,-0.001,2.645,925.859,35.93
0.038,0.536,50.204,0.01,1.932,1263.016,-13.3
0.033,-0.28,32.633,0.009,5.119,495.706,57.77
0.03,0.211,64.624,0.008,4.1,744.873,55.35
0.013,-0.011,62.978,0.007,9.246,867.929,98.34
0.024,0.159,39.428,0.007,4.581,1115.071,21.44
0.028,0.099,41.275,0.011,8.491,486.614,77.9
0.051,-0.112,45.542,0.008,1.925,323.372,57.04
0.04,0.061,20.461,0.01,1.039,1119.586,-28.03
0.009,-0.314,56.704,0.009,2.036,242.82,69.24
0.04,0.129,48.18,0.014,7.116,1363.992,28.51
0.029,0.074,65.582,0.011,8.363,787.63,82.44
0.025,0.135,36.622,0.009,2.779,230.988,39.76
0.044,0.21,43.332,0.016,3.487,657.832,17.42
0.05,0.086,30.909,0.01,1.928,1001.649,7.51
0.049,0.047,37.94,0.015,0.514,636.92,-5.13
0.022,-0.139,35.452,0.011,6.081,858.012,43.59
0.03,-0.108,65.944,-0.001,4.991,1146.031,74.77
0.04,0.234,42.224,0.015,4.523,769.124,23.83
0.05,0.279,53.738,0.009,1.42,475.177,31.95
0.028,-0.023,46.669,0.008,8.108,730.406,78.19
0.032,0.028,34.227,0.009,3.393,1415.936,-5.6
0.018,-0.143,49.644,0.006,5.674,1524.026,31.3
0.017,0.231,60.387,0.009,1.3,50.0,48.9
0.047,0.14,35.091,0.005,4.081,1286.411,16.15
0.055,0.369,63.328,0.014,5.141,950.059,42.33
0.034,-0.138,40.104,0.007,5.22,1219.593,35.21
0.05,-0.048,45.238,0.006,4.84,629.805,64.42
0.04,0.062,59.43,0.003,5.588,142.695,108.86
0.025,0.136,42.712,0.009,2.013,1083.796,0.02
0.04,-0.019,52.526,0.009,4.934,473.609,66.73
0.058,-0.137,47.594,0.01,4.75,294.683,86.04
0.034,0.179,53.811,0.003,5.01,322.639,89.88
0.058,0.15,18.67,-0.0,4.659,1090.366,38.91
0.005,-0.145,26.384,0.011,1.699,905.781,-7.31
0.047,0.264,60.624,0.015,1.601,1162.986,-13.69
0.036,0.231,66.521,0.003,0.5,1117.63,24.26
0.031,0.044,39.253,0.016,6.299,681.627,38.01
0.036,0.034,48.584,0.009,6.321,821.811,58.61
0.005,0.12,56.126,0.008,6.356,645.425,68.04
0.032,-0.135,61.705,0.006,5.175,765.869,81.46
0.04,0.025,23.613,0.001,0.5,463.098,31.14
0.057,-0.367,39.595,0.013,2.241,1006.194,21.56
0.027,0.178,47.344,0.004,4.875,1280.048,30.21
0.023,-0.261,61.844,0.004,4.798,523.355,90.47
0.027,0.291,85.0,0.013,4.01,1362.508,25.54
0.049,-0.039,48.808,-0.001,5.312,895.409,79.44
0.04,-0.018,32.302,0.0,4.526,946.432,54.63
0.027,-0.093,57.632,0.008,4.766,170.228,92.75
0.043,-0.032,70.494,0.009,3.094,127.095,89.28
0.036,0.275,53.512,0.01,6.66,907.647,44.89
0.05,-0.428,39.307,0.006,3.552,1165.893,40.36
0.024,0.25,65.412,0.021,1.573,581.448,3.63
0.03,0.081,61.29,0.007,2.804,1518.038,10.42
0.029,-0.197,37.635,0.007,3.733,1143.974,22.73
0.013,-0.174,57.34,0.004,6.687,486.663,96.17
0.039,0.322,65.962,0.009,4.407,862.339,49.37
0.039,-0.15,68.546,0.011,4.09,1840.772,11.02
0.035,-0.188,51.07,0.014,1.753,352.974,41.68
0.031,0.225,46.987,0.001,6.228,1061.308,57.79
0.014,0.081,69.182,0.007,3.066,720.902,56.62
0.029,-0.149,35.058,0.01,4.28,1132.759,23.06
0.03,0.059,58.14,0.011,7.756,1356.909,50.47
0.023,-0.165,32.82,0.008,5.619,695.505,53.21
0.033,0.218,66.915,0.011,0.918,1297.565,-2.76
0.041,0.211,48.387,0.004,0.607,1738.481,-23.12
0.063,0.116,69.76,0.016,4.359,876.51,46.46
0.038,0.085,58.88,0.013,1.832,1163.955,6.52
0.039,0.337,34.875,0.001,5.927,613.824,71.83
0.034,0.02,71.945,0.003,4.593,857.704,73.91
0.006,-0.193,73.717,0.003,4.864,779.33,81.96
0.035,0.101,64.352,0.011,2.945,1168.774,17.87
0.036,0.395,41.338,0.002,8.331,1331.87,49.32
0.072,-0.163,47.716,0.006,10.754,806.138,123.96
0.032,-0.045,54.036,0.01,3.887,1463.449,15.47
0.04,0.095,42.148,0.008,5.277,1462.019,18.32
0.034,0.01,75.693,0.009,4.714,1188.741,50.5
0.017,-0.157,54.021,0.003,3.929,643.589,73.26
0.052,0.222,15.0,0.011,2.669,605.268,5.11
0.046,0.438,56.751,0.005,2.113,525.047,44.77
0.047,0.055,47.126,0.006,2.002,1229.666,16.53
0.021,-0.143,50.951,0.009,5.392,365.293,78.0
0.056,-0.259,46.839,0.009,3.357,1120.735,42.07
0.014,0.066,63.299,0.008,0.5,417.556,34.78
0.044,0.219,67.676,0.004,5.479,1179.418,68.02
0.068,0.106,55.963,0.007,4.416,856.888,56.4
0.02,0.02,47.25,0.008,7.463,1383.455,44.67
0.027,-0.086,51.421,0.001,5.321,1306.582,51.46
0.036,-0.177,52.274,0.006,1.247,1424.026,9.78
0.027,0.17,40.766,0.01,0.5,1434.327,-36.32
0.012,0.184,60.105,0.002,2.917,907.452,43.66
0.036,-0.258,58.441,0.014,3.125,386.483,56.61
0.019,0.306,73.566,0.014,6.575,428.991,79.54
0.042,0.123,69.575,0.002,4.48,50.0,111.94
0.021,0.272,42.401,0.015,6.994,416.534,60.2
0.058,-0.222,63.484,0.007,1.585,877.529,44.89
0.023,-0.226,38.687,0.01,6.624,626.138,63.27
0.03,-0.007,61.743,0.006,6.086,777.946,82.65
0.047,0.111,44.767,0.013,0.5,1047.086,-15.56
0.017,0.343,37.674,0.01,7.41,728.374,48.51
0.038,0.147,55.921,0.004,4.706,401.268,80.71
0.055,-0.024,15.0,0.002,5.362,828.707,44.89
0.011,-0.165,27.486,0.001,2.597,490.604,46.42
0.038,0.241,49.515,0.009,7.306,741.685,72.53
0.039,-0.154,53.154,0.011,1.891,1387.111,5.1
0.047,0.313,46.83,0.011,6.331,741.798,53.05
0.016,-0.031,29.888,0.007,6.305,1558.383,17.31
0.015,0.306,40.55,0.002,2.357,1422.654,-9.41
0.043,0.142,57.477,0.005,8.863,618.278,107.62
0.039,-0.005,60.145,0.014,5.009,405.55,69.69
0.039,-0.073,51.773,0.006,5.939,828.978,71.63
0.04,-0.041,68.196,0.009,1.14,1311.331,11.31
0.025,0.097,57.564,0.003,9.159,653.924,107.34
0.038,0.034,41.536,0.01,1.806,1213.236,-11.92
0.039,-0.087,48.073,0.006,6.755,1333.376,56.04
0.024,-0.01,32.36,0.013,2.312,540.39,15.02
0.063,0.034,50.486,0.012,3.138,579.58,48.84
0.042,-0.363,67.569,0.006,6.235,1135.065,82.34
0.017,0.102,61.594,0.007,6.761,910.739,66.88
0.045,-0.156,71.628,0.005,1.703,575.575,69.53
0.02,-0.188,47.76,0.001,6.899,709.128,97.23
0.047,-0.284,70.845,0.004,6.799,821.792,108.99
0.052,-0.303,49.294,0.009,2.437,224.058,73.88
0.023,-0.224,72.602,0.01,8.017,1156.257,79.6
0.049,-0.108,51.694,0.009,1.295,658.523,34.67
0.041,0.372,61.901,0.006,3.126,50.0,77.13
0.047,-0.075,72.652,0.013,5.554,840.452,74.24
0.063,0.052,49.292,0.008,2.622,553.371,51.43
0.031,0.092,55.057,0.012,5.08,1525.529,18.11
0.024,0.044,70.044,-0.001,5.03,615.822,93.71
0.022,0.006,50.138,-0.012,4.088,410.943,111.98
0.023,-0.195,33.508,0.009,6.331,1053.173,43.26
0.034,0.281,82.002,0.001,3.998,585.821,92.28
0.04,0.345,45.423,0.007,5.009,538.218,53.09
0.039,-0.283,54.223,0.006,7.022,1053.801,86.15
0.047,-0.164,68.184,0.016,6.24,433.813,86.98
0.035,-0.03,43.481,0.01,6.229,267.091,77.91
0.057,-0.154,37.89,0.009,1.972,1540.399,-7.67
0.031,0.111,55.552,0.012,5.655,1081.799,36.51
0.076,-0.111,26.897,0.01,2.567,744.316,36.7
0.044,0.41,47.969,0.006,1.681,848.609,19.05
0.022,0.234,55.431,0.013,4.342,1052.346,18.43
0.019,0.058,48.221,0.002,2.511,1239.335,19.53
0.042,0.205,30.392,0.01,6.239,547.61,55.24
0.032,0.219,74.318,0.0,6.292,996.459,92.49
0.046,-0.082,53.45,0.009,0.5,647.318,18.3
0.042,-0.127,72.036,0.009,2.678,774.408,59.71
0.034,0.034,48.359,0.016,1.288,914.277,-5.54
0.022,0.175,39.68,0.0,3.482,847.329,37.1
0.012,0.045,55.769,0.005,5.501,1144.227,51.22
0.028,-0.264,48.979,0.012,3.967,1044.835,38.76
0.048,-0.125,35.511,0.01,3.203,246.732,57.95
0.038,0.007,72.577,0.009,7.36,306.871,119.49
0.016,0.006,43.288,0.003,0.5,702.113,28.01
0.038,0.375,26.236,0.005,7.221,1581.45,11.6
0.041,-0.229,70.594,0.014,3.303,509.363,58.46
0.022,0.111,44.94,0.008,4.328,766.711,41.81
0.037,0.288,43.49,0.01,3.34,635.462,27.85
0.036,0.429,27.285,0.007,7.894,628.382,53.76
0.018,-0.053,76.373,0.002,1.792,921.296,54.61
0.04,0.108,33.947,0.013,4.526,1410.311,-2.85
0.043,0.123,52.818,0.011,5.66,1032.387,42.44
0.051,0.055,64.777,0.02,0.956,528.588,13.91
0.051,0.002,57.904,0.003,2.476,1951.292,1.25
0.014,0.098,51.165,0.012,4.174,881.429,26.19
0.021,-0.436,28.177,0.001,2.549,619.112,45.84
0.043,0.143,40.664,0.009,2.706,1414.839,-7.19
0.043,0.043,54.629,0.013,3.73,662.372,37.68
0.043,-0.02,40.98,-0.002,5.929,1515.165,52.56
0.093,0.388,54.847,0.007,3.746,501.743,61.16
0.044,-0.101,61.544,0.005,6.873,1422.012,68.89
0.052,-0.053,65.475,0.004,2.305,930.419,52.64
0.049,0.378,34.833,0.01,1.746,1366.421,-28.43
0.045,-0.13,82.753,0.014,8.738,1610.706,70.23
0.03,-0.079,62.745,0.007,3.052,396.957,68.01
0.046,-0.006,51.976,0.009,1.616,1360.309,2.24
0.023,0.171,67.254,0.009,0.667,286.438,40.96
0.031,0.057,85.0,0.008,6.865,431.126,112.59
0.028,-0.213,31.858,0.003,3.749,528.636,61.21
0.036,-0.076,48.846,0.014,3.942,1051.455,17.06
0.07,-0.089,18.702,0.009,4.15,863.206,24.47
0.007,0.006,54.697,0.01,6.728,783.146,63.45
0.045,0.097,57.116,0.004,4.105,908.494,57.21
0.011,0.095,51.452,0.006,9.657,1086.516,80.25
0.028,-0.3,42.837,0.007,4.794,1117.299,44.61
0.051,0.212,23.307,0.0,6.836,1287.667,44.0
0.036,0.065,57.229,-0.0,6.272,1578.014,56.06
0.019,0.269,72.376,0.005,4.42,841.455,60.89
0.024,0.1,43.726,0.011,3.209,641.564,20.88
0.045,0.218,58.161,0.005,5.23,1095.414,46.68
0.024,0.104,30.046,0.003,5.622,392.298,76.26
0.038,0.262,58.401,0.004,3.24,578.518,58.71
0.036,0.114,46.493,0.006,4.866,1249.752,34.83
0.025,0.002,41.326,0.006,7.22,800.349,68.82
0.067,0.429,41.355,0.019,9.054,366.723,70.66
0.045,0.18,46.489,0.013,6.38,254.079,72.61
0.005,0.123,57.354,0.013,8.598,869.487,73.96
0.038,-0.21,33.63,0.014,3.115,1306.759,-4.69
0.025,-0.212,46.44,0.003,6.044,1301.418,53.17
0.048,0.073,51.419,0.002,7.445,894.352,83.67
0.023,0.046,36.613,0.002,2.528,1653.564,-0.41
0.033,-0.091,77.153,0.015,3.432,808.072,47.67
0.043,0.045,40.051,0.005,8.323,794.573,87.39
0.048,0.306,42.628,0.002,2.355,50.0,71.83
0.017,0.145,38.304,0.006,1.55,671.055,14.87
0.03,-0.185,77.179,0.007,7.862,1190.806,94.21
0.028,-0.0,59.741,0.009,7.133,1475.585,43.99
0.025,-0.125,38.888,0.009,5.451,517.906,58.95
0.061,-0.05,67.487,0.004,4.399,1034.901,75.7
0.041,-0.054,54.81,0.011,3.535,1268.752,19.62
0.016,-0.066,55.602,0.005,5.12,854.483,64.79
0.049,-0.206,47.177,0.007,7.976,50.0,128.87
0.067,-0.003,41.508,0.011,5.025,948.916,44.81
0.05,-0.081,56.729,0.005,9.267,1154.572,90.56
0.012,-0.507,44.369,0.005,2.525,471.031,60.56
0.028,0.39,77.435,0.011,4.457,748.338,51.59
0.054,0.216,34.23,0.004,3.679,387.802,54.64
0.024,-0.048,73.506,0.006,2.113,50.0,89.1
0.042,0.023,50.442,0.011,4.163,1260.802,24.36
0.047,-0.191,56.187,0.018,5.418,848.501,51.13
0.021,0.325,63.664,0.011,5.653,1489.07,16.61
0.034,0.362,43.177,0.01,9.275,1192.929,52.66
0.005,0.048,64.099,0.011,5.522,708.316,60.21
0.02,0.204,15.0,0.003,7.03,816.728,47.6
0.031,0.052,41.92,0.009,4.645,1076.471,24.17
0.016,-0.221,39.063,0.008,8.192,1236.753,62.95
0.059,-0.054,34.451,0.01,9.777,979.068,82.82
0.014,0.044,48.991,0.009,5.668,1292.237,31.11
0.028,-0.062,57.4,0.01,2.316,731.333,40.18
0.037,-0.019,61.837,0.006,3.293,451.143,74.07
0.057,0.004,55.372,0.008,5.12,824.076,61.57
0.013,0.005,42.68,0.002,5.504,932.074,55.99
0.052,0.029,57.166,0.006,6.037,369.386,93.04
0.035,-0.171,53.74,0.015,5.512,315.311,75.27
0.02,-0.109,65.105,0.01,4.515,1028.955,46.7
0.042,-0.211,62.877,0.008,3.1,687.457,62.97
0.038,0.196,52.427,0.017,5.383,783.664,37.34
0.026,-0.359,39.438,0.001,8.581,706.123,108.23
0.036,0.228,42.859,0.002,6.744,1458.24,40.62
0.029,0.27,44.303,0.017,5.676,1354.704,-2.4
0.037,-0.034,47.586,0.008,6.765,355.059,84.89
0.045,-0.449,55.753,0.007,3.684,636.883,75.21
0.059,-0.045,62.012,0.002,3.382,1190.002,46.48
0.016,0.008,51.284,0.01,2.855,1090.774,11.38
0.067,-0.162,52.226,0.011,4.224,833.417,58.0
0.006,-0.073,54.006,0.003,3.572,394.96,73.6
0.033,0.295,44.777,0.007,7.158,576.984,70.38
0.044,0.14,39.045,0.006,3.454,643.293,42.65
0.039,-0.146,27.424,0.009,2.734,960.798,8.93
0.026,-0.268,42.268,0.002,8.774,1531.491,69.68
0.032,-0.039,58.624,0.014,3.507,575.248,55.4
0.028,-0.018,42.159,0.013,4.838,439.586,57.02
0.026,0.109,48.671,0.006,5.493,806.565,57.28
0.048,-0.076,58.53,0.007,1.999,1262.696,22.99
0.04,0.112,59.29,0.007,7.218,271.247,103.72
0.025,0.368,36.887,0.004,5.902,1431.454,15.04
0.048,0.167,65.959,0.006,7.928,781.187,99.03
0.04,0.011,67.783,0.007,3.006,556.272,65.05
0.047,-0.013,36.182,0.016,4.718,209.924,55.89
0.044,-0.044,40.466,0.013,4.587,1132.608,25.12
0.023,0.233,68.675,0.013,5.081,781.532,49.73
0.027,-0.093,49.944,0.01,1.3,918.282,13.29
0.046,0.028,20.923,0.002,4.744,489.675,54.69
0.044,0.029,32.404,0.008,1.362,722.362,16.27
0.035,-0.07,48.509,0.013,5.288,655.368,49.22
0.037,-0.227,35.717,0.002,0.5,809.763,24.9
0.054,0.078,46.212,0.011,0.5,582.179,20.72
0.026,0.009,52.454,0.02,6.301,236.328,66.18
0.043,0.11,72.472,0.013,3.297,1941.4,-10.59
0.032,-0.076,47.934,0.015,2.327,304.638,35.96
0.032,0.24,67.016,0.009,7.296,922.584,69.85
0.051,-0.138,72.003,0.013,5.221,141.189,98.16
0.047,0.328,72.08,0.004,6.419,51.181,120.59
0.047,-0.295,55.987,0.012,4.134,889.131,45.77
0.055,0.098,24.514,0.011,10.395,919.747,73.43
0.035,0.106,58.452,0.009,3.17,1354.6,15.28
0.045,-0.123,66.678,0.015,8.338,1009.819,79.88
0.03,0.096,50.865,0.005,4.365,790.076,50.31
0.04,0.25,76.424,0.007,0.86,470.16,46.71
0.033,-0.379,64.038,0.008,5.562,1449.605,53.71
0.036,0.11,59.956,0.003,5.192,1221.54,54.51
0.044,-0.429,67.209,0.009,2.187,351.468,79.16
0.023,-0.154,56.667,-0.001,2.471,865.185,58.61
0.066,0.313,17.101,0.013,4.446,907.621,9.55
0.02,-0.085,45.012,0.008,5.269,711.739,58.05
0.017,-0.191,68.76,0.005,0.5,1158.74,29.97
0.052,-0.016,40.694,0.004,6.817,1182.693,65.18
0.047,0.392,48.871,0.007,3.412,773.806,39.81
0.044,-0.31,37.372,0.011,1.57,737.652,19.06
0.044,-0.169,76.975,0.011,6.57,1449.583,63.42
0.035,0.29,75.541,0.004,4.448,1223.136,50.01
0.022,0.354,39.626,0.004,7.176,878.944,51.05
0.036,0.001,54.062,0.011,5.463,198.316,88.75
0.025,-0.203,42.473,0.004,4.497,987.6,48.97
0.05,0.397,60.609,0.008,4.164,1129.233,27.9
0.033,0.307,59.136,0.009,5.562,50.0,87.87
0.023,0.142,63.364,0.01,3.59,950.748,30.86
0.03,-0.126,56.647,0.012,2.624,683.323,35.61
0.041,0.011,85.0,0.002,5.842,761.658,108.35
0.027,-0.009,37.609,-0.002,4.182,487.048,81.6
0.023,0.08,28.052,0.005,4.574,790.724,33.22
0.039,0.281,46.497,0.017,6.897,1406.797,15.75
0.039,0.178,30.048,0.018,4.249,671.441,11.43
0.027,-0.174,31.106,0.017,4.533,1236.229,-1.97
0.028,0.268,37.982,0.007,3.181,527.468,36.25
0.038,0.076,39.089,-0.001,5.448,1153.502,54.37
0.013,0.144,38.635,-0.004,5.27,850.662,69.63
0.014,0.284,59.255,0.005,6.482,990.81,61.28
0.024,-0.18,44.913,0.007,3.226,852.861,32.72
0.032,0.014,49.487,0.015,3.493,1106.65,9.47
0.04,-0.076,64.519,0.012,6.243,50.0,109.8
0.057,-0.262,41.271,0.009,5.055,282.07,83.91
0.048,0.082,48.296,0.004,2.506,1016.832,32.62
0.033,0.472,57.121,0.003,7.374,50.0,110.91
0.035,-0.311,24.818,0.009,0.763,637.768,7.92
0.02,0.014,18.611,0.011,6.225,828.264,21.81
0.035,0.135,56.846,0.01,1.717,518.744,29.96
0.031,0.042,58.888,0.003,8.649,573.375,117.65
0.04,-0.0,80.899,0.011,1.102,958.633,23.63
0.023,-0.214,54.213,0.01,7.035,1253.718,52.2
0.043,0.062,63.476,0.003,4.32,466.62,85.52
0.058,-0.116,49.263,0.004,3.693,619.977,70.36
0.033,-0.374,56.161,0.011,4.908,557.496,68.9
0.041,0.235,75.342,0.007,5.89,50.0,116.36
0.045,0.193,22.264,0.016,2.51,906.685,-22.7
0.029,0.029,57.791,0.011,2.705,1223.887,15.37
0.038,0.061,81.898,0.006,5.929,1256.657,69.62
0.035,0.213,55.948,0.008,0.744,501.693,28.8
0.036,0.06,75.108,0.008,3.215,349.321,79.21
0.023,0.183,43.191,0.004,11.19,858.642,103.16
0.035,-0.034,51.551,0.003,2.37,1181.709,29.04
0.042,0.256,52.469,0.012,7.025,911.94,51.66
0.057,0.078,20.954,0.012,3.211,965.722,2.31
0.049,0.055,35.646,0.011,5.62,1306.732,21.27
0.067,-0.209,36.644,0.016,5.94,554.345,57.01
0.023,0.072,63.509,0.005,6.984,762.012,88.92
0.048,-0.13,64.21,0.016,4.059,1503.842,17.64
0.038,-0.095,56.537,0.003,8.876,771.276,115.08
0.068,-0.127,63.537,0.003,3.203,343.065,100.36
0.023,-0.172,49.702,-0.001,5.015,582.258,90.9
0.022,0.402,68.827,0.006,5.04,474.728,70.83
0.026,0.26,52.123,0.005,2.032,992.865,15.12
0.005,0.366,52.81,0.011,3.871,491.621,35.33
0.027,-0.2,48.282,0.009,4.855,958.414,50.57
0.024,0.033,61.582,0.002,3.549,555.574,83.89
0.037,-0.213,46.103,0.006,9.87,50.0,146.32
0.04,-0.105,65.67,0.006,2.655,972.648,44.89
0.063,-0.145,36.15,-0.001,7.095,909.385,89.27
0.049,0.243,36.615,0.003,6.384,1057.103,60.38
0.026,-0.051,61.624,0.004,4.47,580.805,78.79
0.022,0.212,50.76,0.015,2.597,538.182,18.98
0.042,0.129,45.646,0.009,2.81,1010.587,14.05
0.015,0.435,64.461,0.011,3.36,1457.608,-0.2
0.062,-0.246,43.498,0.001,0.571,854.467,42.69
0.053,0.247,49.197,0.014,2.292,1019.834,-0.95
0.028,0.226,71.589,0.015,1.239,721.365,12.85
0.009,-0.155,73.548,-0.002,7.461,232.548,147.07
0.055,0.201,74.014,0.004,5.861,1236.972,70.55
0.033,0.081,48.05,0.01,6.229,1213.366,39.83
0.054,-0.021,69.23,0.011,5.795,1134.31,62.45
0.011,-0.128,38.715,0.005,4.867,777.222,50.42
0.026,-0.109,39.303,0.006,7.713,1088.822,61.36
0.035,0.389,19.094,0.005,3.156,1207.505,-11.64
0.036,0.02,75.42,0.009,4.735,1498.063,36.13
0.028,0.161,39.904,0.014,6.144,1245.41,13.61
0.044,-0.122,50.229,0.004,1.593,875.528,38.18
0.019,-0.12,39.255,0.013,11.312,326.699,108.71
0.033,0.215,61.732,0.004,4.563,912.263,60.02
0.037,-0.223,46.741,0.004,4.812,952.631,60.44
0.043,-0.055,33.733,0.012,7.265,1133.612,37.44
0.046,0.026,58.183,0.013,6.513,1391.557,35.96
0.018,0.04,31.928,0.012,4.584,811.94,21.29
0.012,-0.012,40.276,0.001,4.786,1690.395,15.79
0.054,0.091,22.504,0.006,1.191,146.285,37.98
0.04,0.145,32.065,0.012,3.276,1017.737,4.74
0.024,0.152,54.499,0.008,5.638,530.592,73.66
0.058,-0.157,24.496,0.003,5.477,87.111,96.72
0.037,-0.031,31.264,0.01,7.187,769.29,53.56
0.053,0.235,51.967,0.004,4.235,267.131,80.74
0.036,0.181,44.39,0.017,1.448,785.429,-11.88
0.066,-0.227,79.889,0.016,6.825,863.908,94.62
0.061,0.083,77.675,0.011,7.659,1297.417,81.58
0.031,-0.336,39.849,0.015,6.476,246.966,81.01
0.05,0.028,59.8,0.008,4.14,1213.378,42.25
0.045,0.362,62.49,0.012,6.798,889.232,58.47
0.056,-0.151,43.635,0.015,12.044,1261.54,85.27
0.021,-0.13,31.062,0.009,4.753,677.3,35.93
0.045,0.158,51.828,0.007,1.614,317.102,48.82
0.051,-0.258,49.58,-0.001,3.21,363.0,91.65
0.009,-0.094,45.899,0.008,5.876,333.277,78.76
0.017,0.127,58.192,0.012,0.969,1041.126,-4.25
0.005,-0.094,41.49,0.013,4.873,1440.769,6.84
0.031,-0.022,35.872,0.011,5.337,624.019,50.32
0.046,0.154,53.527,0.005,7.877,1101.654,75.58
0.058,0.096,57.404,-0.002,7.382,240.623,135.21
0.036,0.068,35.527,0.006,6.402,922.128,58.89
0.059,-0.041,64.993,0.006,0.5,1117.425,25.31
0.014,0.087,27.213,0.006,6.526,270.75,72.53
0.009,-0.002,43.906,0.011,6.052,768.447,46.94
0.034,0.102,48.388,0.018,5.063,1136.367,8.73
0.041,-0.069,43.093,0.009,0.694,50.0,48.06
0.035,-0.013,44.089,0.007,2.791,1384.181,-0.44
0.005,-0.158,78.195,0.007,1.933,991.472,36.62
0.034,0.014,40.088,0.009,0.5,1136.691,-10.47
0.015,-0.126,85.0,0.004,4.494,684.912,99.09
0.045,-0.181,58.12,0.009,2.745,160.911,79.22
0.04,0.067,53.289,0.01,10.276,1063.625,83.81
0.021,0.058,58.667,0.009,4.129,816.964,40.59
0.027,0.161,85.0,0.01,7.346,862.846,91.82
0.019,-0.058,38.09,0.01,1.048,1285.043,-21.39
0.034,0.093,36.314,-0.001,3.334,1154.826,33.91
0.049,0.119,41.432,0.011,4.713,1618.495,0.96
0.02,0.1,52.45,0.005,2.502,911.542,31.68
0.043,-0.129,27.839,0.003,3.571,573.515,54.06
0.027,0.047,52.313,0.002,4.021,774.633,62.17
0.023,0.086,75.71,0.01,3.985,1016.265,45.63
0.033,0.021,54.12,0.007,8.581,1256.343,67.95
0.019,-0.356,47.902,-0.0,5.332,263.186,105.86
0.027,0.049,43.346,0.01,5.555,853.415,35.11
0.017,0.418,64.579,0.001,5.687,1493.817,38.65
0.064,-0.045,40.438,0.009,5.848,753.916,69.03
0.036,-0.111,77.85,0.009,4.318,1222.405,56.21
0.025,0.087,79.067,0.012,3.794,1047.247,41.97
0.038,0.076,55.595,0.017,4.867,1232.344,11.65
0.033,0.235,51.839,0.001,7.045,526.096,100.04
0.032,-0.206,66.429,0.008,6.978,527.839,104.59
0.044,0.152,67.327,0.007,3.971,858.109,62.74
0.046,0.126,40.716,0.01,6.189,237.111,74.7
0.027,-0.006,44.628,0.009,4.072,742.104,38.3
0.026,0.081,33.487,0.006,4.575,951.151,27.8
0.031,0.205,57.727,0.006,3.458,1563.854,3.94
0.005,0.177,61.333,0.002,4.1,1011.087,44.38
0.012,-0.186,33.101,0.013,7.451,1100.091,37.24
0.056,0.168,45.627,0.01,4.703,1315.79,17.26
0.06,0.008,33.138,0.013,4.798,464.137,35.73
0.031,0.033,39.417,0.006,1.316,783.967,21.27
0.044,0.033,59.714,0.005,3.82,1820.165,7.79
0.04,-0.007,41.731,0.003,3.969,818.351,54.51
0.081,0.235,47.788,0.01,2.676,1296.572,8.89
0.052,0.005,29.218,0.003,4.548,1235.495,38.01
0.033,-0.182,54.618,0.017,3.556,258.755,58.23
0.021,-0.051,51.38,0.001,4.676,974.192,58.99
0.011,0.052,41.795,0.009,4.767,908.699,28.35
0.038,0.241,49.354,0.016,2.397,981.984,1.14
0.024,0.129,54.524,0.011,3.623,548.355,38.6
0.014,-0.133,40.592,0.009,4.67,403.232,60.31
0.025,0.467,31.332,0.003,7.105,659.596,58.73
0.019,0.068,77.278,0.001,5.065,810.882,87.22
0.06,0.25,43.134,0.012,3.044,1323.994,-2.8
0.048,-0.007,50.645,0.016,5.378,1576.924,7.17
0.035,0.116,66.152,0.006,8.257,1408.639,71.4
0.057,0.171,85.0,0.002,6.517,1194.074,94.17
0.036,0.239,34.577,-0.004,5.705,448.264,88.78
0.022,0.21,58.298,0.003,6.096,686.442,79.23
0.058,0.177,42.094,0.007,7.668,933.97,66.34
0.043,-0.037,44.457,0.016,6.866,597.024,60.16
0.019,-0.083,41.917,0.011,5.747,1080.882,30.72
0.032,0.08,36.241,0.01,6.851,1138.194,33.35
0.022,0.188,51.422,0.006,2.12,1064.516,12.53
0.014,-0.02,31.357,0.005,1.195,1260.054,-13.01
0.049,0.212,65.255,0.015,4.846,488.164,60.1
0.064,0.281,52.77,0.009,4.651,1223.131,33.43
0.014,-0.145,57.914,-0.003,3.303,571.742,82.29
0.043,-0.131,45.473,0.005,6.317,473.626,93.09
0.025,-0.005,46.859,0.004,0.5,1062.846,8.41
0.028,0.075,56.026,0.005,3.324,1336.349,21.15
0.026,-0.074,35.703,0.011,3.433,1045.205,11.13
0.022,0.263,46.988,0.007,0.9,858.322,7.42
0.036,0.096,39.965,0.008,7.788,974.062,61.22
0.023,0.027,39.532,0.015,1.51,904.571,-9.8
0.039,-0.238,22.462,0.005,3.206,399.62,49.64
0.034,-0.217,70.751,0.017,6.498,352.952,97.88
0.031,0.071,42.388,0.005,5.921,818.47,58.01
0.021,-0.364,68.287,0.008,2.062,881.943,43.06
0.026,0.202,66.963,0.007,6.001,854.533,71.66
0.046,-0.008,33.996,0.009,5.138,1120.441,28.65
0.043,0.604,36.762,0.01,9.633,763.809,62.77
0.02,0.435,85.0,0.01,5.389,1075.192,48.82
0.036,-0.013,76.513,0.004,4.189,792.165,87.22
0.046,0.001,51.559,0.002,2.616,1579.344,17.94
0.01,0.199,55.603,0.021,2.863,882.285,-6.68
0.043,0.327,43.168,0.006,2.683,1786.289,-20.41
0.025,-0.275,58.053,0.011,7.516,990.805,75.26
0.044,-0.302,41.959,-0.0,4.54,764.529,83.57
0.024,-0.092,23.547,0.007,5.744,490.221,56.51
0.008,0.125,33.498,0.007,7.831,272.845,77.51
0.011,0.109,52.295,0.01,0.5,453.423,21.52
0.036,0.213,36.165,-0.006,7.314,498.157,108.12
0.039,-0.196,51.058,0.009,4.622,1007.928,48.55
0.021,-0.397,36.955,0.002,5.457,639.534,82.39
0.045,0.174,41.047,0.01,2.678,924.771,11.99
0.01,-0.129,63.944,0.003,2.839,1362.791,31.42
0.034,-0.343,55.465,0.004,5.575,814.877,84.85
0.017,0.046,51.865,0.007,9.746,1681.663,51.63
0.025,0.163,64.305,0.003,6.707,379.676,110.09
0.036,-0.002,58.729,0.006,7.284,789.767,83.37
0.022,-0.062,72.252,0.002,4.078,634.275,94.8
0.029,-0.009,45.562,-0.001,3.18,1224.603,39.78
0.05,-0.047,45.985,0.013,2.782,50.0,54.23
0.026,-0.223,33.784,0.002,3.426,272.754,71.98
0.048,-0.109,45.994,0.007,0.5,807.061,20.76
0.018,0.114,65.507,0.012,2.905,1470.551,1.06
0.043,0.078,70.2,0.005,3.267,940.337,53.24
0.057,0.05,65.444,0.004,4.114,309.381,97.05
0.005,-0.159,26.881,0.009,4.79,371.133,49.1
0.023,-0.013,67.164,0.014,5.297,1519.196,17.99
0.044,-0.372,26.261,0.002,4.467,601.546,67.16
0.032,0.052,64.574,0.007,3.221,472.815,69.8
0.041,0.277,46.851,-0.001,0.5,1440.949,-8.52
0.026,-0.245,61.835,0.006,3.234,1254.439,40.52
0.036,-0.085,33.346,0.008,2.361,1359.624,-2.0
0.033,0.079,68.396,0.004,5.525,469.983,96.27
0.053,0.246,31.49,0.006,6.5,239.958,81.14
0.039,-0.061,42.642,0.001,6.565,903.267,82.8
0.04,-0.105,38.027,0.008,6.165,984.05,49.53
0.029,-0.334,27.44,0.013,4.206,995.841,15.77
0.028,0.039,53.323,0.003,3.352,1441.274,20.87
0.029,0.388,77.285,0.005,2.856,156.493,85.43
0.041,0.07,85.0,0.011,1.184,1193.878,27.84
0.029,0.016,53.36,0.014,6.682,411.35,69.08
0.039,0.078,67.634,0.001,4.116,1192.294,62.76
0.066,0.018,55.249,0.007,1.758,660.017,50.22
0.048,-0.126,58.984,0.009,2.682,524.411,65.52
0.03,0.168,47.21,0.007,2.593,606.039,37.53
0.053,0.061,54.731,-0.004,4.595,271.756,112.52
0.029,0.023,59.525,0.011,6.848,866.172,70.43
0.005,-0.156,43.902,0.016,3.734,540.931,31.07
0.02,0.255,50.915,0.009,0.5,1164.519,-8.12
0.007,0.14,51.182,0.003,4.084,1106.022,37.44
0.03,-0.08,63.57,0.005,4.156,1525.263,34.27
0.035,0.2,37.076,0.017,4.005,996.531,-6.58
0.06,-0.07,51.278,0.013,3.12,1058.271,21.99
0.04,-0.121,78.768,0.011,4.978,1410.04,42.87
0.032,-0.117,68.297,0.01,4.646,598.935,73.83
0.047,-0.299,70.889,0.005,4.445,254.697,116.78
0.005,0.105,52.342,0.007,5.408,930.038,45.68
0.039,-0.31,56.494,0.008,3.554,280.947,87.06
0.047,-0.201,66.031,0.011,3.43,1831.575,9.81
0.013,-0.354,73.844,0.016,7.536,1432.199,52.41
0.052,0.005,24.678,0.014,5.731,1715.591,-12.12
0.04,-0.007,33.584,0.001,6.319,874.979,70.57
0.029,-0.039,70.332,0.009,7.197,1070.229,76.34
0.044,-0.168,48.124,0.012,5.657,666.21,64.36
0.069,-0.191,42.596,0.011,6.542,1203.17,49.19
0.038,0.104,34.442,0.005,1.025,363.783,30.93
0.039,-0.079,44.23,0.023,4.949,50.0,59.44
0.028,0.077,32.367,0.002,4.098,533.716,60.05
0.022,-0.139,81.275,0.003,8.191,267.811,142.4
0.047,0.053,51.686,0.009,6.541,1441.171,30.82
0.022,0.255,51.189,0.019,3.113,1576.271,-35.94
0.036,0.126,60.233,0.004,5.32,288.828,99.36
0.028,-0.054,65.473,0.007,4.869,1366.686,40.81
0.042,0.066,65.242,0.013,5.5,1230.554,42.68
0.04,-0.023,67.031,0.008,2.259,222.089,74.15
0.051,0.021,43.168,0.006,5.292,693.893,65.06
0.027,-0.039,47.83,0.011,3.998,617.935,47.47
0.031,-0.01,62.766,0.009,5.121,1149.198,45.29
0.02,0.058,44.617,0.013,2.906,358.488,33.58
0.028,-0.159,51.929,0.014,3.213,810.451,31.42
0.041,-0.163,57.583,0.01,7.082,575.626,92.3
0.046,-0.23,62.993,0.009,2.187,1039.336,44.56
0.021,-0.268,27.112,0.009,2.349,763.283,20.08
0.048,-0.199,62.006,0.01,4.387,635.902,74.61
0.055,0.049,48.728,0.008,2.802,764.681,39.78
0.041,-0.141,61.904,0.008,2.553,1664.417,12.23
0.063,0.112,62.877,0.014,4.731,683.24,56.31
0.023,0.026,74.511,0.016,1.189,433.598,35.67
0.016,-0.334,70.948,0.0,2.282,1083.373,57.95
0.008,0.138,70.852,0.008,9.019,792.59,100.02
0.057,0.166,72.211,0.005,5.511,283.906,110.63
0.045,-0.159,56.079,0.006,2.858,1742.599,17.03
0.034,0.096,52.451,0.01,5.42,709.008,65.07
0.039,-0.134,64.219,0.011,5.748,698.852,78.94
0.018,0.038,62.249,0.007,6.688,913.934,71.78
0.072,-0.208,47.673,-0.002,4.22,1542.047,49.99
0.037,-0.303,57.668,0.003,6.648,178.102,131.48
0.037,-0.049,51.509,0.012,0.5,960.394,2.07
0.046,-0.002,40.045,-0.006,2.176,1684.909,20.34
0.042,-0.052,70.066,0.014,4.861,901.491,60.33
0.038,-0.193,52.773,0.011,5.225,355.866,77.18
0.023,-0.052,80.682,0.015,2.494,602.641,45.24
0.042,0.068,29.243,0.007,5.071,932.753,33.88
0.063,0.012,44.205,-0.002,3.128,1382.322,41.35
0.055,0.053,52.457,0.01,3.891,714.266,51.83
0.059,-0.101,67.923,0.014,6.755,1180.661,59.22
0.027,0.231,57.593,0.013,6.5,275.852,79.49
0.02,-0.192,56.347,0.005,2.306,272.513,66.99
0.033,0.108,36.218,0.008,2.174,656.88,18.52
0.036,0.233,35.803,0.005,3.595,1425.211,1.39
0.051,0.107,56.515,0.004,4.441,877.55,60.54
0.01,-0.016,32.903,0.013,3.053,965.924,0.91
0.058,-0.075,44.554,0.002,6.789,961.232,83.54
0.033,0.206,59.013,0.004,5.264,1293.683,50.44
0.029,-0.236,38.247,0.002,5.393,605.912,78.6
0.02,-0.155,74.475,0.001,1.714,1125.314,49.14
0.01,-0.052,69.135,0.009,7.068,517.647,99.26
0.047,0.243,30.0,0.014,0.5,1643.309,-60.68
0.036,0.088,38.947,0.007,6.335,529.844,75.63
0.016,-0.154,19.999,0.0,6.555,497.044,80.63
0.016,-0.036,41.044,0.012,3.549,1069.868,0.47
0.03,-0.091,62.729,0.016,7.3,881.915,68.1
0.06,-0.108,46.205,0.005,4.361,980.741,58.86
0.031,0.196,58.451,0.006,4.637,940.926,52.92
0.012,-0.227,30.687,0.011,5.247,413.843,47.16
0.031,0.31,63.172,0.016,11.51,1495.344,57.33
0.031,0.169,44.228,0.005,7.458,1207.417,51.83
0.005,0.216,52.17,0.001,6.042,1393.58,37.71
0.034,-0.063,50.7,0.011,2.492,638.668,41.61
0.032,-0.007,34.198,0.012,4.816,1016.609,20.01
0.045,-0.238,35.857,0.008,2.711,928.947,27.9
0.063,-0.074,65.549,0.005,6.309,1301.201,75.28
0.052,0.109,57.586,0.013,4.809,1314.099,26.01
0.031,0.253,66.701,0.011,2.026,927.22,7.83
0.018,-0.179,56.545,0.004,4.678,242.82,93.0
0.074,-0.046,54.002,0.008,2.631,1561.865,8.72
0.036,-0.007,27.836,0.001,4.833,1072.395,42.2
0.035,-0.231,48.215,0.011,2.61,606.625,40.96
0.035,0.126,51.617,0.007,4.56,1012.617,40.96
0.038,-0.11,79.344,0.006,6.151,245.563,117.46
0.033,-0.015,61.617,0.008,4.383,1272.141,36.03
0.026,-0.061,73.505,0.008,3.64,261.515,91.12
0.027,-0.122,60.366,0.012,4.947,761.666,61.99
0.035,0.019,42.042,0.011,6.034,947.782,45.36
0.027,-0.019,53.64,0.007,2.064,1265.536,6.76
0.024,-0.047,55.307,0.012,5.073,892.618,49.0
0.037,-0.111,38.852,0.01,7.399,1103.985,54.96
0.031,0.078,46.619,0.006,5.762,838.733,58.25
0.058,0.318,49.119,0.007,4.627,837.126,40.14
0.005,0.045,74.479,0.007,5.907,884.191,75.68
0.051,0.199,22.87,0.011,5.495,774.377,26.59
0.054,-0.23,68.881,0.006,6.158,175.372,129.01
0.005,0.048,38.885,0.006,0.5,542.671,14.03
0.03,-0.178,32.791,0.018,1.082,947.91,-15.22
0.029,-0.246,68.519,0.013,6.711,750.352,81.64
0.014,-0.113,62.247,0.004,1.188,787.676,40.21
0.023,0.235,69.563,0.011,5.383,720.659,65.24
0.018,0.191,63.21,0.009,3.725,504.561,52.8
0.061,0.064,80.838,0.01,2.308,652.76,65.97
0.049,-0.256,59.822,0.009,5.269,727.267,78.14
0.054,-0.015,49.809,0.014,4.942,852.057,39.17
0.046,0.074,56.801,0.01,9.143,1007.351,83.15
0.018,0.052,69.409,0.008,3.125,777.78,51.67
0.027,-0.312,41.089,0.013,7.668,438.138,89.2
0.042,-0.14,42.874,0.009,5.275,290.767,84.87
0.017,0.008,47.675,0.009,3.046,1888.975,-23.44
0.046,0.117,22.536,0.01,6.258,398.074,53.23
0.031,-0.375,53.933,0.008,5.745,642.55,82.86
0.029,-0.009,25.594,0.008,4.579,1056.8,14.14
0.046,0.046,52.743,0.005,5.086,994.344,57.14
0.042,0.173,64.114,0.004,3.187,1058.346,43.33
0.03,0.145,45.324,0.003,2.683,672.913,45.58
0.052,0.125,75.48,0.001,6.171,945.423,89.48
0.019,-0.124,31.553,0.004,4.007,874.537,35.23
0.044,-0.323,68.678,0.007,4.324,725.147,81.17
0.044,-0.051,61.452,0.009,5.116,948.164,64.4
0.03,0.2,27.976,0.007,5.084,1272.146,6.41
0.04,0.271,85.0,-0.004,1.355,841.12,72.36
0.016,0.148,51.108,0.016,7.33,843.781,44.35
0.049,0.097,39.715,0.013,4.767,1277.264,14.05
0.032,0.088,32.301,0.01,4.054,1234.544,5.41
0.027,-0.08,48.92,0.018,5.448,1483.575,2.48
0.051,-0.003,50.216,0.003,5.02,147.508,100.86
0.024,0.32,53.437,0.017,6.188,1212.048,6.7
0.014,-0.15,47.831,0.003,5.684,1090.632,58.73
0.012,0.311,60.865,0.009,6.079,495.739,70.67
0.044,-0.038,46.573,0.002,7.472,950.635,80.29
0.016,0.259,24.911,0.008,6.444,1270.449,7.45
0.061,-0.233,49.909,0.01,4.147,518.336,71.35
0.005,0.125,18.855,0.007,2.03,1027.025,-15.56
0.06,-0.113,56.953,0.012,8.169,1198.541,67.26
0.038,-0.235,38.29,0.008,3.977,421.592,61.0
0.034,0.059,54.287,0.005,3.459,793.086,44.15
0.027,0.202,70.397,0.005,0.679,970.387,28.98
0.041,-0.132,38.718,0.012,5.245,531.547,52.25
0.034,-0.25,66.858,0.005,4.828,498.339,99.07
0.052,0.003,45.933,0.013,1.167,795.982,9.95
0.037,0.004,76.545,0.014,5.497,1170.656,53.91
0.037,0.119,46.888,-0.0,3.404,1107.494,37.77
0.03,0.191,40.233,0.014,10.419,505.435,86.5
0.034,0.009,61.621,0.018,3.247,1110.867,3.25
0.04,0.354,45.899,0.009,3.543,515.624,32.34
0.009,0.06,40.22,0.011,2.575,205.932,39.3
0.015,-0.042,45.31,0.013,7.311,703.143,53.84
0.046,-0.27,51.376,0.007,3.68,1299.188,34.99
0.038,-0.027,70.791,0.009,2.905,1112.384,41.76
0.032,-0.041,24.923,0.001,6.055,849.371,62.37
0.035,0.193,52.323,0.009,1.463,683.318,19.91
0.04,0.103,60.749,0.01,5.875,694.095,63.97
0.027,-0.192,54.708,0.011,8.419,893.514,83.64
0.023,0.051,70.338,0.013,5.747,422.625,83.44
0.038,0.141,50.959,0.004,5.903,710.757,71.8
0.02,0.295,49.416,0.005,6.414,763.772,59.67
0.041,0.18,60.293,0.017,8.261,309.57,86.68
0.009,0.157,53.39,0.007,7.162,514.621,82.8
0.05,0.031,46.534,0.009,5.467,1014.203,51.19
0.042,0.09,59.226,0.008,6.489,853.805,67.85
0.039,0.245,42.865,0.004,2.551,726.495,28.61
0.05,-0.22,43.444,0.016,6.208,485.429,74.92
0.06,-0.043,44.608,0.005,2.288,1480.74,9.82
0.05,-0.119,70.943,0.002,3.693,514.808,97.81
0.007,0.088,15.0,0.006,0.5,950.637,-28.02
0.016,0.241,57.538,-0.002,5.383,654.852,84.97
0.026,-0.087,52.48,0.005,3.083,864.512,48.63
0.035,-0.41,28.468,0.003,6.945,1033.044,71.27
0.043,-0.054,56.336,0.011,5.358,301.897,89.39
0.024,0.184,58.661,0.005,6.973,847.354,74.72
0.038,0.117,60.255,0.012,2.116,1326.291,-0.6
0.024,0.097,15.0,0.015,6.784,1554.601,-15.62
0.026,-0.03,71.129,0.012,9.133,797.994,99.45
0.014,-0.21,41.672,0.007,6.181,866.672,60.59
0.021,0.113,61.612,0.009,6.239,1734.533,17.46
0.015,-0.13,62.375,0.0,4.873,1303.97,60.72
0.02,0.413,39.726,0.007,3.346,603.086,24.67
0.051,0.123,61.246,0.004,6.175,602.407,91.98
0.021,-0.085,46.603,0.011,1.187,1232.62,-9.71
0.074,-0.09,23.001,0.021,3.581,445.585,14.78
0.042,0.003,68.348,0.01,0.604,1285.091,1.37
0.038,-0.023,41.149,-0.002,2.952,983.72,38.53
0.022,0.221,40.037,0.006,5.912,1057.088,43.33
0.046,0.054,46.357,0.009,5.612,747.306,60.63
0.026,-0.112,55.811,0.008,4.612,598.07,66.95
0.037,0.36,51.198,0.004,4.875,1434.797,21.36
0.073,0.029,59.673,0.009,0.5,751.305,21.99
0.034,0.158,33.247,0.002,3.68,685.626,41.96
0.052,-0.089,41.607,0.003,3.001,817.945,52.22
0.024,0.085,50.376,0.011,3.05,927.209,22.37
0.034,0.076,78.57,0.003,5.819,437.67,114.55
0.062,-0.32,50.407,0.011,2.607,624.051,53.57
0.026,0.383,67.193,0.001,3.17,602.787,68.92
0.062,0.252,52.54,0.017,0.5,1188.112,-25.65
0.046,-0.051,45.229,0.004,3.853,495.615,73.74
0.027,-0.178,48.546,0.007,2.107,147.693,63.95
0.044,0.083,49.642,0.01,4.674,63.162,77.98
0.05,0.036,60.451,0.005,2.408,261.848,72.61
0.044,0.084,71.245,0.009,4.73,1394.615,35.65
0.011,0.054,57.036,0.011,4.182,856.483,37.77
0.024,0.111,68.619,0.013,8.178,1050.5,65.14
0.031,0.281,38.493,0.012,5.594,1064.595,14.59
0.034,0.122,46.195,0.007,0.5,872.474,9.47
0.044,-0.169,41.86,0.007,1.717,820.087,30.26
0.038,0.265,56.402,0.02,4.621,1267.811,0.57
0.015,0.315,46.975,0.013,2.454,908.398,-1.41
0.041,0.587,62.217,0.003,0.5,1409.639,-11.63
0.044,-0.182,38.966,0.008,7.469,1098.332,62.87
0.043,0.064,52.602,0.006,6.084,602.881,81.48
0.051,-0.355,61.616,0.007,5.646,651.146,92.82
0.048,0.12,23.086,0.002,3.164,559.014,38.67
0.042,-0.079,81.703,0.006,5.441,1337.019,66.95
0.034,0.366,48.036,0.017,2.95,687.98,12.82
0.01,-0.119,23.649,0.011,4.951,530.611,34.4
0.041,-0.284,54.213,-0.004,2.475,977.911,73.28
0.038,-0.065,52.468,0.014,7.836,811.133,68.22
0.039,-0.336,50.853,0.013,1.045,967.827,16.11
0.016,0.155,65.877,0.006,7.211,1605.926,47.94
0.019,-0.352,62.464,0.012,4.586,1215.228,43.36
0.051,0.025,56.17,0.004,3.423,860.804,58.09
0.034,-0.354,58.302,0.006,4.867,286.631,106.28
0.045,-0.038,50.539,0.015,6.113,650.015,60.34
0.035,0.316,76.857,0.007,7.507,1134.418,81.48
0.035,0.085,31.291,-0.001,5.189,381.584,75.0
0.049,-0.135,53.955,0.008,2.54,1706.388,3.72
0.027,0.014,52.91,0.008,4.622,855.767,50.03
0.036,0.023,63.386,0.014,8.497,869.539,75.11
0.028,0.105,40.186,0.008,7.465,583.342,75.78
0.028,-0.226,27.589,0.006,6.499,1048.695,44.1
0.03,0.127,54.196,0.013,6.251,386.799,68.69
0.038,-0.467,55.937,0.009,6.039,1715.957,33.48
0.028,-0.093,72.854,0.004,7.049,1376.941,81.7
0.054,-0.068,34.215,0.014,3.495,1243.719,-0.19
0.022,0.134,68.166,0.009,1.519,293.828,60.03
0.032,0.024,85.0,0.008,4.652,932.165,75.71
0.028,-0.233,46.711,0.009,2.701,1333.635,12.32
0.057,-0.157,33.927,0.003,2.179,1087.242,25.14
0.038,0.056,46.302,0.005,2.915,449.156,52.82
0.05,0.006,52.196,0.008,9.968,589.962,116.36
0.013,-0.084,59.893,0.007,4.799,669.226,66.9
0.039,-0.067,43.72,0.014,5.296,608.625,45.35
0.048,0.145,73.773,0.009,1.811,1461.512,6.16
0.036,-0.073,36.397,0.012,0.5,81.595,27.29
0.051,0.004,27.651,0.008,2.698,1112.368,12.42
0.027,0.411,67.494,0.013,7.664,333.079,94.22
0.056,-0.236,20.155,0.01,5.235,465.499,57.8
0.069,-0.313,49.142,0.008,5.817,50.0,116.82
0.03,0.161,85.0,0.008,6.125,630.378,93.72
0.028,-0.102,51.831,0.003,3.199,1454.293,20.92
0.057,-0.037,36.309,0.011,7.554,955.93,63.73
0.059,-0.121,51.196,0.008,3.108,370.655,76.45
0.027,-0.027,51.289,0.005,7.594,1256.859,60.99
0.029,0.308,54.249,0.014,5.473,1342.522,10.3
0.031,0.164,61.272,0.002,0.564,891.619,27.6
0.015,0.175,37.452,0.006,2.854,1663.9,-22.1
0.021,-0.235,75.626,0.013,0.573,1178.626,15.19
0.02,-0.187,55.432,0.01,7.059,1123.061,55.56
0.023,-0.491,62.175,0.008,4.446,528.649,87.98
0.034,-0.126,43.206,0.009,0.5,1100.959,-0.2
0.039,0.192,70.009,0.009,5.327,936.717,59.61
0.058,0.113,48.401,0.0,3.318,1057.932,52.18
0.02,-0.02,55.886,0.006,1.236,576.166,39.37
0.05,0.016,38.937,0.016,8.192,901.24,57.46
0.032,-0.104,38.043,0.005,4.736,523.255,60.9
0.034,0.057,61.635,0.006,3.854,50.0,91.18
0.045,0.158,45.79,0.005,3.621,1249.322,23.04
0.018,-0.271,40.046,0.008,1.171,249.044,34.27
0.041,0.074,42.995,0.005,1.63,892.875,18.04
0.037,0.188,61.785,0.01,7.327,983.201,63.2
0.042,-0.055,43.193,0.009,3.457,980.625,32.07
0.039,0.146,50.353,0.012,4.549,736.768,38.15
0.072,0.527,52.21,0.003,0.5,958.485,11.25
0.025,0.001,25.157,0.006,1.6,1038.387,-1.15
0.027,0.091,31.404,0.007,5.842,1143.986,23.04
0.026,-0.113,56.708,0.01,5.331,1543.377,18.07
0.027,0.053,41.682,0.004,8.357,943.678,76.19
0.025,0.103,66.794,0.013,7.455,875.62,63.49
0.053,0.055,65.535,0.014,3.992,487.308,56.6
0.056,-0.164,62.068,0.003,5.54,1024.379,84.83
0.026,0.057,77.477,0.006,3.803,1116.953,55.95
0.023,0.283,50.837,0.005,9.021,773.079,90.24
0.042,0.101,61.084,0.021,7.028,1067.845,39.66
0.027,0.193,43.818,0.006,4.873,732.994,52.86
0.044,-0.023,85.0,0.016,4.941,1118.397,44.15
0.038,0.155,79.771,0.002,7.679,1215.041,95.84
0.012,0.07,52.166,0.003,5.775,1209.451,46.85
0.058,-0.151,57.412,0.005,7.929,897.138,98.61
0.062,0.077,71.03,0.004,0.5,434.013,66.04
0.026,-0.159,49.94,0.007,5.515,605.235,68.25
0.029,-0.094,42.807,0.004,3.366,1088.063,26.81
0.039,0.054,64.236,0.004,8.364,1829.525,59.84
0.04,0.074,53.098,0.014,7.902,713.712,73.05
0.045,-0.194,54.562,0.014,4.572,1032.335,39.01
0.065,0.21,40.32,0.013,7.878,627.579,66.12
0.032,0.123,27.953,0.011,8.423,460.413,73.59
0.023,-0.107,55.306,0.008,4.664,579.474,69.7
0.014,-0.257,64.669,0.006,9.938,50.0,154.38
0.024,-0.006,48.839,0.003,4.431,1391.374,27.18
0.035,-0.06,72.11,0.01,4.028,50.0,95.27
0.062,0.04,42.145,0.002,6.405,744.469,87.41
0.027,-0.045,37.234,0.003,3.722,378.749,69.66
0.038,-0.341,51.059,0.014,4.688,496.248,63.75
0.035,-0.05,50.844,0.018,7.601,1400.609,26.78
0.053,-0.035,62.78,0.01,4.542,930.427,55.85
0.073,0.134,41.151,0.014,0.771,463.842,17.77
0.027,-0.106,71.153,0.007,5.308,614.193,85.8
0.028,0.322,79.537,0.001,2.968,543.808,67.85
0.051,-0.324,51.452,0.011,6.404,832.582,79.15
0.045,0.256,69.496,0.011,6.032,919.157,67.47
0.063,-0.02,37.209,0.008,7.737,1608.23,37.08
0.044,0.175,67.053,0.007,6.497,83.48,111.08
0.03,0.034,66.662,0.013,6.899,836.075,68.54
0.044,0.225,64.088,0.003,3.028,723.773,59.34
0.052,-0.05,51.782,0.004,6.269,1228.619,67.42
0.047,-0.178,15.0,0.003,8.831,991.927,73.36
0.043,0.276,43.016,0.008,2.985,1086.145,8.29
0.051,-0.0,43.237,0.003,8.459,988.034,83.52
0.053,0.06,38.304,0.005,3.291,477.204,58.81
0.056,0.242,53.711,0.004,2.626,1334.506,21.61
0.045,-0.166,46.135,0.007,5.152,1169.402,50.55
0.032,0.127,40.455,0.001,6.075,1216.212,46.4
0.037,-0.086,37.177,0.008,6.506,1355.62,41.95
0.053,-0.004,41.983,0.014,2.384,1017.07,-0.81
0.023,0.033,67.701,0.009,5.456,1442.397,39.37
0.041,-0.25,42.746,0.016,2.992,1001.056,5.55
0.029,-0.12,44.791,0.015,1.224,762.377,1.59
0.035,0.263,45.606,0.012,2.457,847.358,13.52
0.054,0.18,56.746,0.008,2.848,840.462,41.58
0.038,0.009,58.387,0.008,5.648,642.243,73.73
0.036,0.064,15.0,0.012,7.035,1502.756,-1.87
0.015,-0.033,66.303,0.006,1.259,968.518,28.69
0.046,0.264,72.109,-0.001,5.274,887.895,89.7
0.045,-0.016,37.297,0.01,1.911,1005.31,10.46
0.067,0.062,38.388,0.002,5.884,2041.942,15.11
0.03,0.226,45.696,0.003,3.13,397.31,51.8
0.038,-0.12,41.416,0.008,2.187,511.985,42.15
0.039,0.301,55.135,0.008,6.259,297.772,83.3
0.059,-0.255,24.749,0.001,3.209,756.96,48.52
0.034,0.313,36.349,0.009,3.805,948.207,14.27
0.039,-0.047,73.549,0.013,0.5,663.871,30.41
0.044,-0.024,39.005,0.002,6.582,634.109,87.15
0.038,-0.32,69.408,0.014,6.306,906.962,71.14
0.028,-0.062,56.975,0.0,4.512,649.157,85.47
0.038,-0.167,26.67,0.019,1.139,974.07,-31.69
0.051,-0.089,60.895,0.006,7.161,1295.694,69.32
0.02,-0.005,50.353,0.009,3.034,1120.812,15.97
0.037,0.192,45.623,-0.001,3.503,1202.405,42.07
0.024,0.057,55.429,0.008,9.586,1284.367,75.5
0.053,0.075,58.645,0.009,2.952,963.131,39.98
0.012,-0.177,61.906,0.008,6.133,786.544,80.46
0.027,-0.139,68.496,0.005,5.737,541.099,111.58
0.041,0.344,57.714,0.003,5.358,693.529,72.17
0.058,-0.112,32.741,0.014,5.12,640.526,49.51
0.034,0.318,45.369,0.008,5.328,1142.669,30.84
0.027,-0.024,85.0,0.016,5.098,988.713,58.11
0.063,0.02,62.143,0.005,4.386,1128.703,64.65
0.013,0.213,85.0,0.006,7.825,385.865,118.66
0.005,0.249,71.536,0.012,1.612,1422.7,-14.32
0.042,0.0,55.385,-0.0,6.747,679.208,103.55
0.027,-0.05,56.22,0.002,6.309,409.993,103.96
0.02,0.01,51.488,0.013,6.036,674.313,55.86
0.046,0.081,27.671,0.002,6.957,1843.506,26.04
0.039,0.18,52.253,-0.001,4.296,694.913,71.39
0.027,0.021,68.949,0.017,0.5,719.961,8.32
0.016,0.131,43.605,0.001,4.341,773.158,54.0
0.048,0.315,57.767,0.009,2.319,790.552,27.74
0.045,0.089,63.922,0.008,2.89,537.41,53.08
0.034,0.076,39.264,-0.006,1.767,907.285,42.75
0.063,-0.253,45.682,0.007,3.45,1280.238,36.29
0.019,-0.454,37.749,0.01,3.187,975.716,32.12
0.012,0.09,40.49,0.01,0.5,405.534,7.95
0.025,0.003,33.974,0.013,6.04,712.262,36.21
0.034,-0.073,39.394,0.006,9.385,629.389,100.61
0.039,0.064,71.872,0.012,5.834,871.176,58.78
0.031,0.009,39.183,0.005,4.054,1382.181,15.32
0.04,0.223,53.77,0.001,4.38,790.447,58.34
0.016,0.035,44.96,0.002,3.574,814.738,51.3
0.057,-0.114,68.504,0.001,4.698,1561.058,56.37
0.034,0.198,70.356,0.013,4.419,1200.482,34.34
0.052,-0.019,64.097,0.0,2.65,1079.633,61.72
0.04,0.115,56.286,0.009,8.202,1633.253,42.39
0.042,-0.066,48.765,0.007,1.228,1045.925,12.1
0.044,-0.097,35.314,0.007,6.08,55.389,95.04
0.042,0.035,79.209,0.015,4.277,1183.066,37.61
0.045,0.022,41.365,0.006,8.682,213.197,116.25
0.055,0.106,61.291,0.011,5.25,1030.802,47.33
0.038,-0.028,66.834,0.008,3.708,164.503,91.56
0.046,-0.311,44.226,0.007,3.955,663.258,64.44
0.034,-0.058,66.532,0.019,4.588,704.486,42.66
0.057,0.163,62.699,0.001,1.986,541.952,66.13
0.025,-0.034,76.191,0.014,2.813,710.459,44.35
0.062,-0.024,45.429,0.011,0.573,1263.025,-11.78
0.034,0.198,33.998,0.006,2.469,564.419,28.98
0.014,-0.108,44.923,0.016,4.707,1068.056,14.47
0.037,-0.258,54.924,-0.001,5.16,463.74,108.88
0.025,-0.009,52.815,0.005,0.5,774.2,30.18
0.048,-0.067,46.492,0.002,4.198,979.536,56.97
0.025,-0.154,25.271,0.01,5.74,451.389,58.99
0.028,-0.012,58.587,0.002,4.142,325.312,91.09
0.007,0.108,79.613,0.01,3.106,1046.751,34.25
0.028,0.018,58.5,0.007,3.593,1299.232,25.95
0.005,0.075,60.528,0.006,3.31,818.374,42.32
0.011,0.346,60.014,0.01,3.099,667.075,30.77
0.046,-0.042,57.559,0.007,4.882,912.27,58.51
0.047,0.07,65.043,0.003,9.577,872.192,112.7
0.041,-0.072,57.535,0.022,2.864,947.161,7.05
0.02,-0.132,47.623,0.006,3.8,50.0,86.34
0.034,-0.085,40.856,-0.003,4.386,422.358,92.52
0.035,-0.066,48.514,0.004,2.988,511.908,62.36
0.018,0.085,56.398,0.002,6.916,910.347,82.48
0.058,0.443,47.575,0.012,0.5,924.351,-8.79
0.048,-0.109,56.401,0.01,3.332,1104.472,36.3
0.032,-0.055,58.148,0.01,6.3,953.033,59.29
0.035,0.009,63.665,0.006,3.853,329.706,79.01
0.038,0.091,69.959,0.007,2.694,1428.802,20.51
0.005,0.067,53.092,0.006,5.47,1358.767,30.52
0.031,0.251,33.691,0.008,6.494,346.721,65.93
0.025,-0.417,47.169,0.012,4.963,983.082,38.94
0.02,-0.41,52.617,0.01,2.737,611.83,57.06
0.031,-0.069,26.299,0.011,5.504,905.546,28.24
0.062,0.218,71.441,0.01,3.615,1271.324,33.76
0.045,-0.262,53.993,0.012,6.139,1702.042,32.24
0.026,-0.521,57.339,0.009,7.763,1150.511,73.79
0.044,0.123,71.117,0.01,0.5,967.974,16.19
0.056,0.064,43.178,0.014,4.744,714.072,38.47
0.049,-0.176,60.037,0.005,0.681,922.854,35.31
0.036,-0.157,50.462,0.004,9.872,1393.909,85.83
0.025,-0.155,49.423,0.002,3.47,832.116,62.27
0.045,0.04,41.189,0.009,6.142,495.555,73.5
0.041,-0.093,75.318,-0.001,4.422,202.124,129.14
0.048,0.109,46.743,0.01,2.733,1055.219,15.47
0.045,-0.494,61.792,0.007,2.471,948.915,52.37
0.051,-0.134,25.75,0.014,7.988,591.637,58.14
0.027,-0.183,68.52,0.005,6.603,1260.406,69.15
0.055,-0.026,66.731,0.007,8.776,681.289,117.7
0.038,-0.077,53.364,0.014,4.622,796.142,43.36
0.066,0.164,48.823,0.015,5.133,843.334,37.86
0.025,-0.315,57.6,0.005,3.912,709.619,70.17
0.061,0.028,84.043,0.009,3.868,944.346,76.65
0.038,0.121,27.315,0.009,2.208,1310.606,-20.57
0.025,0.354,62.948,0.01,4.685,393.007,65.7
0.028,-0.067,39.237,0.007,2.764,1045.408,18.06
0.03,0.078,51.721,0.014,5.472,918.863,36.14
0.041,-0.305,48.53,-0.001,4.874,911.506,86.04
0.043,-0.411,46.004,0.006,5.133,1198.738,60.54
0.026,0.172,51.853,0.01,8.185,869.719,67.66
0.035,0.019,36.122,0.01,4.417,1042.092,24.57
0.067,0.232,66.409,0.015,6.165,1136.346,47.62
0.061,-0.227,26.882,0.014,9.013,648.254,78.56
0.042,0.114,59.557,0.007,7.375,969.673,77.27
0.036,0.356,47.428,0.014,7.037,749.685,44.4
0.037,0.096,35.607,0.004,3.825,796.927,39.35
0.044,0.07,54.833,0.013,5.005,721.175,48.41
0.02,0.022,30.203,0.017,1.6,1038.432,-26.11
0.031,-0.263,52.556,0.014,5.598,882.658,51.29
0.01,0.264,32.08,0.009,5.104,1007.818,9.26
0.041,-0.09,58.458,0.006,4.551,842.993,63.17
0.045,0.111,39.059,0.0,6.76,208.352,97.08
0.028,-0.261,45.686,0.01,1.843,862.547,21.08
0.059,-0.192,56.115,0.002,8.097,875.415,111.91
0.017,0.278,41.184,0.004,6.484,947.038,49.61
0.013,-0.043,51.189,0.002,4.345,612.508,76.65
0.038,0.282,30.806,0.006,4.173,371.812,50.49
0.051,0.006,60.832,0.008,5.557,1099.843,60.8
0.06,-0.312,76.709,0.009,7.846,740.557,113.83
0.028,0.181,85.0,0.005,4.724,918.498,74.0
0.051,-0.086,53.276,0.013,4.817,737.416,52.15
0.034,0.146,63.035,0.007,4.54,847.575,54.08
0.032,0.025,27.071,0.004,8.42,670.286,78.34
0.048,-0.258,73.038,0.009,3.688,462.767,81.47
0.045,0.05,62.867,0.018,4.435,1039.493,21.11
0.011,0.415,45.225,0.01,7.72,608.752,62.09
0.057,0.109,69.321,0.006,4.823,915.581,70.56
0.056,0.01,48.437,0.0,7.002,1014.184,84.92
0.026,0.214,45.588,0.007,2.495,615.275,30.94
0.041,0.058,58.655,0.009,4.048,368.446,75.23
0.042,0.058,37.113,0.006,7.766,1820.434,26.32
0.039,-0.176,66.303,-0.0,3.012,638.891,87.21
0.027,0.062,37.216,0.004,4.167,1099.367,26.18
0.025,0.206,37.299,0.015,5.065,1625.785,-22.36
0.035,-0.13,39.264,0.015,2.324,1165.963,-6.14
0.053,0.276,62.633,0.004,3.59,729.823,68.28
0.043,0.003,43.365,0.011,4.748,823.153,46.02
0.029,-0.14,33.128,0.002,4.603,516.957,71.26
0.047,0.2,43.52,0.015,7.317,1202.679,31.12
0.005,-0.032,51.551,0.009,7.891,1076.508,64.74
0.052,0.157,35.466,0.013,2.617,644.23,19.04
0.009,-0.033,35.876,-0.001,4.745,433.13,67.2
0.03,0.009,81.558,0.011,5.983,321.507,99.26
0.018,0.109,39.952,0.008,7.836,1244.606,44.35
0.016,0.072,47.477,0.012,6.081,898.149,34.49
0.052,-0.339,46.859,0.013,5.14,935.994,47.86
0.028,-0.182,46.101,0.008,5.966,520.821,75.48
0.04,0.187,60.699,0.005,5.982,264.599,99.22
0.034,-0.004,65.274,0.012,2.459,1235.045,13.75
0.042,-0.074,47.717,0.008,4.924,866.816,52.86
0.036,-0.225,34.689,0.004,7.71,1212.894,68.08
0.016,-0.174,69.842,0.003,4.044,695.627,80.19
0.05,-0.344,50.665,0.001,4.785,755.273,87.54
0.028,0.002,76.225,0.005,3.966,1135.319,52.59
0.012,-0.088,20.562,0.014,0.5,1142.939,-39.1
0.029,-0.154,54.736,0.009,4.545,1169.026,36.56
0.058,0.008,78.86,0.005,5.164,731.919,92.81
0.048,0.086,47.054,0.012,3.373,1095.819,15.87
0.03,0.397,48.843,0.004,1.96,1293.64,-3.2
0.03,-0.252,56.137,0.008,2.563,808.091,43.61
0.03,0.229,44.177,0.007,6.181,644.605,62.51
0.066,0.195,47.631,0.012,8.84,1387.099,50.28
0.041,-0.12,47.271,0.0,7.541,588.222,118.97
0.041,0.057,43.216,0.004,1.542,1101.791,14.27
0.05,-0.062,69.204,-0.0,6.38,826.631,109.92
0.039,0.053,58.455,0.007,3.041,113.374,71.81
0.031,0.292,55.509,0.014,3.219,1301.438,-8.36
0.032,0.129,63.32,0.005,3.484,50.0,86.23
0.034,0.112,48.299,0.005,6.053,56.349,97.98
0.034,-0.057,41.161,0.012,6.61,1060.932,43.21
0.046,-0.247,43.563,0.013,4.284,1060.828,33.84
0.036,-0.018,52.025,0.008,4.322,594.968,62.51
0.046,0.237,37.171,0.011,5.521,909.129,30.87
0.034,-0.255,44.996,0.003,5.75,50.0,111.39
0.036,-0.17,44.774,0.015,7.088,1132.79,46.35
0.005,0.043,81.744,0.019,1.674,949.89,15.22
0.049,-0.157,15.0,0.011,4.544,831.743,23.11
0.04,-0.123,49.485,-0.002,2.15,858.337,60.44
0.05,-0.056,76.16,0.005,4.388,1047.302,74.05
0.005,-0.226,53.706,0.011,4.002,838.439,42.52
0.066,-0.155,62.548,0.006,4.397,100.378,107.09
0.033,0.147,53.398,0.014,2.741,1728.533,-27.56
0.052,-0.215,42.657,0.011,1.228,1330.32,-3.33
0.019,-0.268,20.613,0.004,0.5,336.022,32.11
0.044,-0.093,54.876,0.008,4.211,711.945,58.95
0.019,0.152,41.142,0.004,3.552,755.586,30.72
0.026,-0.015,40.795,0.007,3.013,1281.54,6.46
0.064,-0.064,45.014,0.005,7.41,50.0,128.31
0.032,0.028,76.428,0.014,2.609,650.397,40.4
0.038,-0.294,85.0,0.019,7.617,145.745,116.77
0.048,0.109,55.041,0.001,8.072,735.962,107.18
0.042,0.089,45.493,-0.002,0.5,661.0,41.47
0.037,-0.054,35.519,0.007,4.703,881.878,43.84
0.04,0.201,58.56,0.0,3.621,608.05,69.06
0.071,-0.183,76.961,0.008,0.5,549.591,63.58
0.034,0.223,48.537,0.012,1.322,1097.863,-6.04
0.038,0.048,18.694,0.015,6.205,1031.869,7.07
0.051,-0.041,61.381,0.009,8.942,1070.559,95.0
0.052,0.016,65.796,0.007,6.486,779.24,84.89
0.053,0.001,29.798,-0.002,5.212,621.305,81.47
0.045,0.24,54.471,0.008,4.453,802.459,47.11
0.018,-0.174,58.317,0.008,8.202,1050.465,76.02
0.06,-0.117,50.976,0.011,9.226,50.0,129.79
0.018,0.207,40.929,0.004,3.209,1007.645,22.62
0.04,-0.087,66.223,0.006,0.5,973.655,29.68
0.024,0.182,46.353,0.001,0.5,874.86,21.17
0.034,0.326,31.207,-0.003,7.408,790.275,82.73
0.04,-0.052,23.307,0.002,4.396,50.0,76.98
0.04,0.143,69.652,0.0,4.903,674.059,88.24
0.041,-0.188,60.633,0.01,0.561,1565.775,-12.84
0.059,0.156,53.232,0.005,2.843,855.161,41.51
0.042,0.056,45.836,0.005,3.85,727.084,56.3
0.031,0.105,44.594,0.003,4.957,856.762,57.54
0.049,-0.096,36.94,-0.008,3.623,991.909,68.17
0.053,-0.279,45.96,0.016,2.218,1113.528,6.84
0.017,0.111,22.319,0.003,2.774,758.448,23.71
0.044,-0.351,41.695,0.006,7.158,1019.968,83.1
0.046,-0.037,47.647,0.001,5.039,1520.66,42.37
0.031,0.189,60.538,0.013,5.847,1252.5,20.96
0.056,0.055,51.441,0.009,2.522,1786.12,-9.46
0.033,0.371,63.129,0.004,0.5,587.292,36.18
0.037,0.205,70.888,0.006,3.349,1520.476,23.3
0.032,-0.098,66.814,0.016,2.594,533.731,45.25
0.035,0.025,58.587,0.008,5.268,991.426,56.03
0.019,0.011,52.166,0.007,11.729,1142.991,94.08
0.013,-0.265,38.269,0.003,6.029,645.689,74.44
0.059,-0.149,62.359,-0.001,10.519,885.186,142.74
0.022,-0.081,75.516,0.007,5.751,1214.184,68.83
0.02,-0.347,56.789,0.01,3.114,565.892,55.11
0.005,0.029,78.842,0.013,5.265,1517.753,27.82
0.025,-0.025,30.642,-0.003,8.417,296.161,119.83
0.015,-0.281,35.842,0.002,8.525,1625.877,60.93
0.06,0.093,63.973,0.005,3.234,1250.53,40.64
0.05,0.149,55.7,0.008,5.057,814.11,52.46
0.025,0.061,70.393,0.007,1.356,688.933,44.84
0.069,-0.038,51.783,0.007,6.314,647.189,95.62
0.05,0.126,39.848,0.01,7.917,795.682,70.14
0.03,0.142,49.01,0.003,4.588,830.602,52.87
0.005,0.075,30.542,0.013,3.032,1352.09,-30.55
0.069,-0.128,36.2,0.01,5.292,1637.462,12.31
0.014,0.07,65.614,0.006,5.418,929.752,69.67
0.01,0.235,64.219,0.016,4.679,511.749,41.9
0.05,-0.087,57.082,0.016,4.893,631.71,52.57
0.072,0.398,27.905,0.013,4.118,776.764,13.74
0.056,-0.075,46.982,-0.007,6.691,437.951,128.86
0.043,0.026,34.85,0.016,6.12,378.423,59.28
0.044,-0.101,68.471,0.012,2.337,1688.851,-2.59
0.048,0.06,43.828,0.018,2.277,971.045,-1.28
0.046,-0.294,36.8,0.014,3.94,516.747,46.62
0.039,-0.078,52.417,0.016,6.121,1176.641,37.5
0.037,-0.177,43.038,0.012,4.826,378.662,69.78
0.034,0.044,72.772,0.015,3.085,411.595,56.14
0.024,0.199,41.713,0.018,5.075,528.783,26.21
0.031,0.136,32.411,0.009,3.772,1511.805,-11.21
0.01,-0.407,21.859,0.0,6.437,748.848,74.08
0.034,0.388,51.569,0.006,5.233,50.0,79.42
0.02,0.073,44.133,0.01,3.806,1334.026,8.92
0.018,-0.12,31.995,0.008,5.009,727.447,44.42
0.038,0.048,68.649,0.002,7.393,110.237,133.86
0.056,0.052,61.341,-0.0,3.247,723.327,68.93
0.049,-0.1,51.605,0.004,5.386,1058.402,56.69
0.011,0.056,71.101,0.012,4.345,1011.62,41.28
0.02,-0.089,61.276,0.016,5.439,1569.366,9.32
0.049,-0.053,40.48,0.013,3.06,508.893,35.31
0.02,-0.104,37.451,0.013,4.743,868.688,28.32
0.032,-0.238,63.452,0.008,6.937,570.172,99.51
0.043,0.046,57.549,-0.001,2.439,233.123,90.03
0.02,0.125,54.376,0.006,1.575,1204.211,6.69
0.037,0.113,40.149,0.007,1.659,1035.308,5.48
0.015,0.168,60.511,0.006,1.925,963.471,17.45
0.026,0.078,41.423,0.008,5.81,1020.716,37.18
0.04,-0.076,50.572,0.01,1.407,575.811,35.36
0.011,0.171,72.257,0.012,3.845,447.722,55.19
0.042,-0.224,42.748,0.007,5.86,865.059,69.96
0.035,-0.142,29.978,-0.002,5.417,1314.485,56.36
0.043,-0.154,37.264,0.006,3.652,1493.231,15.03
0.038,0.214,65.92,0.008,4.92,1168.173,49.05
0.055,0.19,55.566,0.014,4.736,861.67,40.96
0.037,0.108,50.196,0.005,4.007,957.914,41.65
0.029,0.213,44.873,0.011,4.036,854.638,24.4
0.037,-0.138,58.795,0.009,9.418,439.623,128.08
0.043,0.083,40.113,0.008,6.28,859.859,53.13
0.036,-0.003,56.279,0.013,9.957,316.069,111.12
0.036,0.172,41.762,0.005,3.407,800.369,32.3
0.024,-0.001,39.433,0.005,4.313,1504.442,11.39
0.025,-0.049,43.075,0.008,1.569,1179.144,-3.04
0.014,0.117,46.744,0.005,2.719,480.752,51.12
0.061,0.178,51.316,0.011,8.684,821.028,82.02
0.016,-0.1,55.296,0.004,3.352,516.249,69.93
0.025,0.009,15.0,0.009,8.722,824.994,51.95
0.024,-0.171,40.693,0.007,1.765,1266.443,-1.47
0.048,-0.43,46.518,0.009,2.182,1111.203,23.73
0.031,0.056,73.071,0.006,3.749,1843.658,13.0
0.054,0.13,36.88,0.006,4.36,1326.991,20.97
0.025,0.067,54.279,0.008,6.531,931.6,63.02
0.039,-0.331,72.93,0.009,5.492,1120.86,75.11
0.022,-0.043,33.618,0.008,3.584,769.023,23.57
0.067,-0.379,57.516,0.017,4.207,398.998,71.89
0.017,0.267,40.768,0.003,3.798,1372.311,5.35
0.04,-0.175,44.935,0.008,2.488,1253.597,16.25
0.045,0.246,40.756,0.0,2.546,753.578,43.99
0.041,0.19,41.754,0.01,6.761,959.574,42.68
0.032,-0.142,85.0,0.002,0.5,1346.376,40.69
0.033,-0.184,63.822,0.007,8.058,1188.541,91.74
0.036,0.083,67.424,0.006,3.745,264.759,88.69
0.033,-0.132,58.888,0.009,2.8,947.448,36.96
0.049,0.038,29.512,0.005,6.127,782.947,58.0
0.068,-0.067,57.529,0.005,7.767,1295.2,80.34
0.027,-0.301,67.021,0.015,6.959,1262.417,52.8
0.014,-0.381,40.052,0.009,5.604,1377.443,31.17
0.034,0.061,65.515,0.005,6.891,402.842,104.32
0.074,-0.081,61.861,0.007,0.724,536.355,48.21
0.023,-0.08,77.929,0.016,3.352,1295.633,20.65
0.06,0.145,46.151,0.007,2.495,613.342,42.84
0.06,0.231,36.633,0.005,7.194,241.427,94.06
0.027,-0.029,46.937,0.005,3.656,1063.039,30.35
0.044,-0.041,72.098,0.005,6.36,631.113,105.39
0.059,0.11,26.402,0.005,5.679,1565.916,12.72
0.029,-0.224,23.043,0.002,2.603,968.474,24.52
0.032,0.06,53.252,0.002,3.209,914.104,54.94
0.026,0.119,45.804,0.004,7.346,702.302,82.95
0.02,0.142,52.108,0.011,2.794,1486.334,-15.69
0.025,-0.329,65.234,0.006,4.775,993.422,65.58
0.017,-0.117,44.264,0.007,2.778,686.6,38.39
0.036,-0.138,25.778,0.014,3.809,532.367,22.6
0.023,0.038,80.623,0.014,4.398,820.611,47.53
0.039,0.107,38.039,0.007,2.778,458.941,43.5
0.012,0.289,37.173,0.005,2.387,1261.551,-7.2
0.04,-0.069,67.452,0.004,5.13,126.663,117.24
0.048,-0.07,46.617,0.011,2.642,794.194,31.08
0.005,0.227,51.113,0.007,2.717,1094.053,8.85
0.041,0.073,58.759,0.006,2.434,986.848,32.66
0.053,0.248,67.17,0.004,4.329,563.087,82.45
0.017,0.072,47.332,0.004,6.576,1114.103,60.42
0.06,-0.188,73.279,0.01,7.814,495.584,119.53
0.041,-0.22,22.099,0.001,2.903,841.046,34.78
0.024,-0.259,62.637,0.013,9.231,1110.737,77.88
0.034,0.139,40.247,0.005,2.29,1035.165,11.72
0.043,0.234,71.212,0.007,6.884,579.984,96.87
0.036,0.353,53.989,0.001,2.912,1328.998,13.49
0.043,0.172,42.579,0.008,2.584,884.678,21.63
0.021,0.229,61.28,0.006,2.862,1147.198,25.05
0.038,-0.084,64.505,0.008,4.385,1461.64,27.98
0.014,-0.188,60.987,0.015,5.776,1297.008,27.79
0.033,0.173,37.584,0.009,5.974,1298.052,21.82
0.021,0.095,45.224,0.004,2.423,927.072,25.1
0.024,0.039,51.943,0.004,2.323,1167.574,23.45
0.054,0.09,51.422,0.011,2.483,935.439,21.75
0.051,0.078,62.496,0.014,4.255,366.27,70.16
0.044,0.251,23.791,0.009,4.038,971.098,7.57
0.019,0.253,56.681,0.011,2.41,952.544,6.94
0.03,0.118,47.94,0.011,5.093,1083.492,24.6
0.053,0.172,40.261,0.015,9.478,798.801,71.04
0.037,0.113,41.605,-0.002,3.39,545.418,67.67
0.07,-0.063,48.996,0.011,3.546,1112.602,32.97
0.041,0.156,15.0,0.013,5.731,324.691,41.36
0.038,-0.231,42.182,0.001,3.271,1433.528,22.81
0.03,0.21,39.739,0.004,5.972,757.433,54.97
0.037,-0.195,59.459,0.004,2.919,948.211,51.05
0.033,0.071,40.723,0.004,8.531,1073.423,70.26
0.046,-0.132,48.988,0.006,5.259,1086.275,54.13
0.049,0.12,73.592,0.009,3.136,286.406,82.6
0.023,0.014,65.921,0.012,3.205,1179.635,25.17
0.015,-0.267,64.632,0.013,3.37,971.262,35.0
0.007,0.096,45.002,0.004,7.52,595.895,81.43
0.043,-0.084,59.602,0.004,1.709,550.133,58.0
0.018,0.179,48.725,0.015,3.031,716.379,13.04
0.005,0.02,49.255,0.011,3.264,330.503,45.87
0.041,0.091,57.736,0.008,4.465,1538.907,23.55
0.072,-0.152,43.642,0.01,3.904,1444.461,22.85
0.035,-0.086,72.902,0.008,1.219,1030.68,24.48
0.048,-0.063,49.758,0.011,3.62,760.641,42.18
0.036,0.174,60.657,0.006,4.281,771.157,63.08
0.034,0.322,72.378,0.009,3.118,1153.226,25.12
0.049,-0.125,66.443,0.0,6.011,1553.131,74.12
0.031,0.214,32.275,0.005,6.523,621.841,60.65
0.039,-0.371,58.229,0.005,4.328,402.966,96.18
0.04,-0.195,63.91,0.006,5.007,1469.056,44.21
0.025,-0.153,64.486,0.003,0.5,135.145,69.39
0.05,-0.223,36.414,0.005,3.574,446.588,69.48
0.032,-0.265,42.802,0.0,6.711,751.257,97.88
0.024,0.094,65.924,0.011,3.568,225.827,68.93
0.043,-0.019,41.335,0.008,2.878,1294.86,4.65
0.022,0.088,47.804,-0.001,9.511,1192.762,91.11
0.035,0.144,74.062,0.004,8.502,620.083,123.72
0.035,0.068,51.331,0.01,5.529,1361.846,33.52
0.051,0.138,41.825,0.005,7.006,1429.717,42.73
0.042,0.007,39.713,0.005,0.5,804.732,10.0
0.035,-0.194,56.658,0.008,2.767,669.733,56.45
0.047,0.21,33.336,0.01,3.466,1753.841,-26.46
0.056,-0.086,48.537,0.001,3.981,1138.465,58.28
0.043,-0.148,56.665,0.011,3.422,952.53,40.16
0.035,-0.012,70.188,0.004,0.5,1395.418,11.25
0.015,-0.144,61.346,0.008,5.349,970.772,59.37
0.019,-0.055,42.003,0.008,5.696,647.752,64.18
0.03,0.082,68.498,0.005,8.024,882.064,96.07
0.026,0.083,47.807,0.003,2.766,1265.462,15.51
0.032,-0.142,34.7,0.007,2.586,53.126,57.2
0.036,-0.068,49.591,0.016,0.5,734.788,-1.95
0.043,0.213,72.134,0.001,3.854,1403.223,45.78
0.034,0.109,54.313,0.016,6.482,645.253,58.11
0.042,0.394,52.175,0.007,3.154,1468.443,-3.53
0.036,0.232,74.921,0.008,9.216,1415.898,81.92
0.005,0.226,31.961,0.003,3.935,823.788,22.17
0.021,-0.23,34.002,0.004,4.823,622.584,71.06
0.033,0.157,29.378,0.005,1.501,735.056,18.1
0.017,0.01,57.217,0.003,5.132,1915.846,17.93
0.044,-0.079,54.331,0.007,0.5,1599.77,-16.75
0.058,0.05,73.598,0.006,6.026,900.156,87.98
0.053,0.19,55.409,0.017,6.094,606.739,52.92
0.032,0.11,46.342,0.002,7.49,896.816,75.68
0.057,-0.138,52.025,0.009,2.256,947.531,34.63
0.037,0.154,53.648,0.009,4.853,352.657,67.75
0.03,-0.095,28.595,0.003,5.74,882.017,52.27
0.026,0.059,85.0,0.011,5.473,1378.962,48.34
0.03,-0.035,59.278,0.006,2.596,130.257,75.63
0.029,-0.019,54.94,-0.004,0.5,1180.634,37.77
0.038,0.158,60.612,0.011,5.263,1399.919,24.25
0.037,-0.167,61.932,0.002,4.165,625.777,88.31
0.035,0.37,50.032,0.003,3.253,1527.67,6.18
0.042,-0.308,43.163,0.011,6.181,573.865,76.66
0.053,-0.088,60.392,0.006,4.401,1026.433,61.96
0.049,0.087,57.4,0.013,1.598,727.291,25.92
0.013,0.125,40.662,0.014,0.5,727.201,-12.84
0.005,0.002,71.866,0.005,2.016,603.08,56.13
0.049,0.01,56.107,0.012,9.765,1129.43,80.56
0.014,0.094,62.217,0.004,6.09,1189.522,57.37
0.032,-0.022,71.487,0.019,4.915,824.231,40.26
0.017,0.271,52.306,0.005,4.1,306.013,65.57
0.008,0.171,56.437,0.013,3.956,1011.268,16.87
0.043,0.177,63.34,0.012,7.068,1018.806,61.74
0.046,-0.154,41.852,0.01,3.421,763.314,40.04
0.026,0.006,52.757,0.005,5.769,1596.893,31.06
0.005,-0.034,53.758,0.007,3.733,224.428,69.51
0.027,-0.161,38.615,-0.003,8.768,50.0,143.07
0.041,0.085,84.447,0.009,6.133,557.666,101.98
0.013,-0.077,32.298,0.01,7.24,1134.17,36.03
0.038,0.138,33.827,0.009,3.214,427.662,37.88
0.035,-0.173,70.399,-0.007,6.828,457.612,150.67
0.044,0.329,61.986,0.002,3.812,1230.409,38.02
0.037,-0.141,37.636,0.004,4.742,1035.019,49.15
0.02,0.059,60.502,0.009,8.097,1000.824,73.49
0.053,0.163,72.55,0.009,2.206,1162.572,35.73
0.033,-0.083,51.576,0.007,4.947,679.923,65.63
0.035,0.173,85.0,0.011,5.464,698.406,81.75
0.021,-0.201,27.863,0.003,5.644,1173.912,40.94
0.028,0.281,61.714,0.011,3.508,312.045,50.72
0.022,0.023,68.331,0.01,9.09,50.0,130.44
0.032,-0.087,64.479,0.01,1.651,676.686,43.39
0.061,-0.034,49.139,0.007,7.71,1222.349,67.68
0.014,0.166,47.934,0.017,7.173,952.224,24.36
0.011,-0.085,58.218,0.01,8.682,1192.917,67.6
0.057,-0.115,63.421,0.003,1.006,50.0,84.14
0.032,-0.02,60.435,0.009,2.589,976.199,31.99
0.025,-0.192,66.561,0.012,7.782,1111.546,78.11
0.051,0.348,37.736,0.005,0.5,309.681,30.89
0.026,-0.082,48.811,0.013,0.966,1194.823,-6.59
0.062,0.17,38.84,0.01,3.426,805.392,26.32
0.045,0.058,46.594,-0.004,4.922,2078.535,21.94
0.028,-0.157,66.213,0.009,8.003,50.0,127.4
0.067,0.019,53.512,0.006,4.092,1397.646,32.42
0.026,0.161,85.0,0.011,3.162,692.337,54.02
0.046,-0.014,54.708,0.013,5.185,203.139,74.95
0.039,0.235,52.836,0.009,5.533,639.218,65.16
0.055,0.204,53.487,0.016,5.471,960.992,25.84
0.058,0.185,43.071,0.007,4.108,1264.987,26.98
0.035,-0.063,51.19,0.011,0.5,1538.786,-19.18
0.024,-0.174,67.789,0.012,2.481,1418.757,13.27
0.042,-0.09,53.596,0.008,7.625,463.847,98.06
0.025,0.055,40.892,0.012,4.912,1302.066,3.54
0.065,0.118,39.049,0.005,3.79,1006.514,35.33
0.037,-0.371,45.697,0.006,6.96,588.159,99.15
0.03,0.019,53.034,0.001,2.014,765.236,48.32
0.038,0.048,68.71,0.009,4.004,566.063,65.62
0.015,-0.03,33.233,0.01,4.803,864.837,31.54
0.02,0.252,47.522,0.014,3.529,558.137,29.99
0.053,0.096,54.02,0.012,4.722,438.802,63.66
0.025,0.256,26.328,0.007,4.087,1041.648,8.09
0.019,-0.019,40.33,0.002,1.421,1101.492,7.6
0.043,0.189,42.482,0.01,4.899,774.961,38.64
0.053,0.314,40.856,0.014,1.578,1397.061,-29.48
0.046,0.256,54.686,0.012,4.864,745.828,45.89
0.05,-0.177,49.752,0.013,7.523,728.89,76.36
0.024,-0.026,44.226,0.007,3.882,1114.196,25.41
0.014,-0.042,57.991,0.006,1.923,797.03,33.93
0.058,0.108,76.123,0.004,4.221,883.919,77.06
0.03,0.144,74.95,0.008,2.67,50.0,85.31
0.031,-0.131,25.081,0.008,5.808,856.683,35.85
0.055,0.032,60.079,0.009,4.174,119.122,89.38
0.043,-0.344,49.508,0.007,8.261,361.62,121.59
0.042,0.28,54.172,0.007,7.059,315.871,92.34
0.067,-0.072,46.424,0.004,4.163,432.967,81.14
0.025,0.03,53.646,0.013,6.074,630.458,57.96
0.049,-0.036,54.12,0.008,3.635,655.403,56.46
0.036,0.226,43.895,0.007,4.575,1115.71,26.83
0.039,-0.491,39.451,0.004,3.705,938.955,56.65
0.058,0.017,45.718,0.001,6.186,89.57,110.94
0.043,0.001,55.28,0.015,7.653,883.318,66.04
0.043,-0.062,60.386,0.011,6.257,977.302,62.23
0.051,0.331,63.947,-0.0,6.528,718.573,103.59
0.03,-0.14,45.081,0.012,6.531,825.646,52.83
0.022,0.159,55.974,0.013,5.713,926.124,36.23
0.019,0.084,65.475,0.009,1.994,1155.84,14.34
0.006,0.247,68.318,0.016,8.242,220.048,91.56
0.066,-0.1,51.176,0.009,8.47,752.273,91.31
0.018,-0.112,48.907,0.001,3.985,1453.334,28.58
0.032,0.217,54.676,0.01,3.684,1416.665,7.51
0.031,0.097,35.904,0.009,5.847,1190.375,22.81
0.04,-0.258,49.289,0.005,5.712,1064.73,70.82
0.047,-0.077,62.424,0.011,4.056,1511.854,20.4
0.048,0.09,60.987,-0.0,1.75,1617.139,14.3
0.026,0.171,48.216,0.013,5.173,798.368,36.91
0.032,-0.102,55.048,0.004,5.713,462.227,99.65
0.039,-0.505,40.455,0.003,6.097,741.883,91.83
0.031,0.114,61.849,0.007,5.268,2088.678,8.97
0.059,-0.2,50.91,0.01,3.904,222.257,87.21
0.042,-0.343,48.137,0.009,6.687,661.784,82.78
0.046,-0.49,46.936,0.004,4.645,284.924,106.3
0.045,0.167,51.119,0.005,3.477,899.906,37.07
0.053,0.043,45.73,0.002,4.103,368.924,83.61
0.038,-0.021,61.214,0.007,0.659,806.5,29.35
0.016,0.27,46.466,0.013,4.099,69.962,56.28
0.041,0.135,74.301,0.008,6.015,1097.048,71.24
0.025,0.311,72.513,0.012,5.248,1338.938,29.48
0.027,-0.231,39.518,0.015,7.845,696.423,66.01
0.044,0.014,52.976,0.005,3.921,795.948,59.39
0.054,-0.271,42.891,0.007,5.572,784.637,72.02
0.035,-0.021,47.427,0.019,6.244,922.364,31.54
0.04,-0.025,80.034,0.015,9.654,834.732,109.08
0.061,0.133,47.694,-0.0,4.818,1157.247,62.7
0.039,0.028,57.043,0.01,2.203,1343.216,5.42
0.074,0.132,59.578,0.008,6.365,524.372,94.61
0.043,0.147,37.991,0.012,8.605,726.269,68.24
0.009,0.408,40.029,0.004,3.79,1210.648,0.84
0.046,-0.037,35.116,0.004,6.35,281.332,92.16
0.041,-0.149,39.596,0.005,7.203,61.711,120.4
0.054,0.064,15.0,0.005,6.738,940.526,43.12
0.045,-0.124,59.624,0.012,4.776,1048.539,53.72
0.033,0.287,80.759,0.002,2.963,561.08,82.24
0.017,-0.031,54.069,0.005,4.321,618.54,66.17
0.032,-0.082,32.172,-0.001,5.509,545.923,83.35
0.022,-0.065,43.001,0.013,6.498,503.23,59.76
0.026,0.149,45.576,0.014,5.235,1127.398,15.12
0.044,-0.008,37.754,0.006,3.664,377.801,65.77
0.06,-0.096,64.043,0.007,5.722,743.791,85.82
0.041,0.32,63.344,0.01,6.392,487.866,82.52
0.017,-0.134,35.824,0.015,5.335,267.884,49.05
0.042,0.026,62.151,0.01,2.66,1198.071,17.58
0.053,0.137,73.375,0.005,4.101,642.07,87.91
0.026,-0.274,78.636,-0.0,6.585,925.376,113.46
0.033,0.106,85.0,0.002,1.457,246.77,87.19
0.035,-0.17,39.372,0.008,0.5,553.224,28.74
0.023,0.168,85.0,0.005,7.818,1152.435,95.21
0.045,-0.153,47.041,0.009,5.625,1884.909,16.11
0.033,0.145,43.705,0.005,5.835,59.514,92.12
0.041,0.219,56.579,0.003,2.131,769.557,42.2
0.022,0.175,43.851,0.002,6.123,1014.912,56.75
0.028,0.065,57.587,0.016,5.106,603.56,50.02
0.046,-0.022,33.519,0.012,1.014,1189.809,-19.85
0.029,-0.084,48.657,0.017,7.633,503.307,70.76
0.061,0.285,69.998,0.011,4.849,911.539,55.65
0.029,-0.106,51.201,0.006,3.629,641.171,62.95
0.038,-0.167,53.982,0.015,3.668,1337.772,13.18
0.049,0.14,58.654,0.008,0.5,579.454,26.42
0.014,-0.123,68.389,0.009,5.805,709.25,76.97
0.009,-0.151,28.827,0.008,5.076,1228.276,13.58
0.012,-0.24,60.183,-0.007,4.073,438.785,113.53
0.054,-0.067,48.246,0.016,7.313,877.5,61.21
0.027,0.005,54.333,0.01,1.456,120.986,52.23
0.073,0.064,66.839,0.01,3.187,414.827,72.81
0.027,0.191,35.281,0.008,2.63,1002.853,4.41
0.038,0.115,37.823,0.009,3.887,453.721,46.75
0.058,-0.014,24.904,0.005,4.648,632.171,51.18
0.065,-0.016,44.312,0.011,5.446,1047.235,39.64
0.066,0.112,70.626,0.001,3.737,618.326,83.93
0.053,0.249,50.312,0.009,2.57,1179.137,14.48
0.05,0.043,33.238,0.011,8.209,936.265,60.32
0.044,-0.064,45.2,0.007,9.806,1024.273,91.62
0.047,-0.159,31.17,0.01,4.815,1346.386,20.62
0.027,-0.24,36.247,0.003,2.835,977.929,30.53
0.023,0.14,57.443,0.003,7.746,1465.539,52.93
0.035,0.124,35.566,0.009,1.317,1214.505,-13.89
0.032,0.124,67.577,0.011,3.763,640.619,54.64
0.028,-0.003,51.004,-0.001,2.969,1367.259,26.09
0.045,0.273,53.198,0.011,1.949,955.546,10.74
0.049,-0.067,48.103,0.005,3.884,692.128,60.81
0.036,0.192,62.82,0.007,2.599,961.354,30.3
0.057,0.013,62.964,0.001,4.528,1294.931,60.03
0.018,-0.09,56.691,0.004,4.56,1032.018,45.88
0.032,0.127,59.907,0.013,3.133,1578.957,-9.25
0.024,0.094,49.031,0.008,3.685,1284.612,11.57
0.007,0.084,59.591,0.006,3.992,1059.264,38.7
0.034,0.035,47.27,0.007,6.282,439.573,81.66
0.033,0.013,52.031,0.01,4.173,778.107,46.86
0.058,0.45,48.155,0.01,6.314,878.666,38.6
0.044,0.233,45.599,0.008,5.789,1128.653,34.78
0.02,0.15,42.352,0.013,5.757,1104.933,21.91
0.063,0.04,58.548,0.013,7.553,917.816,71.76
0.053,0.201,70.348,0.01,2.037,898.14,36.91
0.044,0.113,68.395,0.008,3.459,1138.183,32.99
0.032,0.025,34.408,0.011,8.379,506.566,79.57
0.021,-0.035,70.049,0.01,3.934,1528.206,18.36
0.029,0.005,47.546,0.013,0.5,50.0,31.68
0.051,-0.551,60.41,0.012,4.053,1432.164,42.08
0.063,0.058,39.313,0.003,4.797,831.926,65.08
0.058,-0.068,53.988,0.003,0.5,1251.032,21.92
0.028,0.307,56.392,0.004,7.435,995.536,77.7
0.018,0.023,31.216,0.013,2.93,988.414,-0.51
0.037,-0.194,60.516,0.0,5.223,1071.702,77.23
0.008,0.011,70.843,0.01,4.003,1173.622,33.97
0.04,-0.168,49.555,0.01,1.666,718.468,29.89
0.033,0.105,71.042,0.014,2.145,1263.92,13.52
0.028,0.072,49.344,0.009,2.443,416.212,47.08
0.011,0.192,63.894,0.001,6.888,847.868,84.96
0.043,-0.122,20.94,0.003,4.175,1184.388,27.93
0.027,0.026,85.0,0.002,3.352,1248.007,55.84
0.017,-0.226,72.936,0.005,2.444,1034.316,51.57
0.005,0.146,48.015,0.007,7.132,692.643,63.86
0.035,0.113,24.391,0.002,7.721,1208.683,44.46
0.062,0.109,56.032,0.015,7.106,582.254,77.7
0.06,0.02,31.785,0.001,5.583,1550.564,36.87
0.028,0.095,58.228,0.015,5.138,816.132,41.53
0.026,0.309,57.762,0.014,1.825,234.15,31.53
0.042,-0.031,38.82,0.012,3.959,372.127,45.38
0.02,0.045,67.694,0.005,2.996,867.457,46.67
0.04,-0.176,63.278,0.01,0.5,905.93,20.14
0.046,-0.136,65.662,0.002,6.825,1637.863,66.53
0.053,0.038,52.124,0.013,2.969,434.6,50.82
0.033,0.219,32.183,0.008,7.131,865.785,52.24
0.032,-0.026,65.69,0.006,6.44,426.231,97.52
0.022,-0.022,48.215,0.002,5.725,652.938,76.85
0.023,-0.053,32.543,-0.004,5.848,1523.589,40.57
0.032,-0.076,70.929,0.003,3.146,395.466,80.13
0.041,0.073,81.392,0.014,8.587,1084.817,85.42
0.049,-0.25,51.423,0.006,4.595,1007.163,59.32
0.023,0.251,82.228,0.007,5.164,840.331,71.52
0.057,-0.1,53.278,0.011,3.072,1057.775,35.16
0.031,0.15,46.674,0.017,2.451,385.992,21.1
0.035,-0.209,43.174,0.015,5.55,1512.529,9.32
0.024,0.14,74.919,0.003,4.979,1619.938,43.82
0.005,0.141,41.078,-0.002,2.763,868.842,40.82
0.048,0.089,62.294,0.02,1.335,1819.242,-43.26
0.046,-0.159,44.172,0.019,1.706,690.389,9.73
0.031,0.065,45.556,0.009,7.131,1010.173,54.36
0.036,-0.193,66.423,0.002,3.151,1422.756,44.52
0.043,-0.025,46.679,0.013,3.754,666.398,38.62
0.012,0.205,46.333,0.007,7.691,297.38,86.41
0.027,0.163,67.859,0.007,2.031,205.313,64.19
0.047,0.023,74.364,0.012,2.901,1674.331,12.87
0.016,-0.155,61.026,0.01,2.809,638.39,54.65
0.039,0.136,42.833,0.002,8.06,775.705,94.52
0.015,0.023,44.851,0.006,8.885,404.894,98.17
0.042,-0.398,53.119,0.011,6.153,1229.336,50.72
0.034,0.161,56.493,0.011,6.223,537.376,66.28
0.011,0.016,38.17,0.009,3.223,653.495,27.8
0.052,0.236,62.123,0.013,8.784,969.808,64.88
0.024,-0.177,53.197,0.006,5.089,424.382,82.15
0.023,-0.552,27.98,0.009,6.377,778.567,68.35
0.038,0.07,38.995,-0.009,4.268,1410.884,55.3
0.052,0.072,44.942,0.006,3.91,1021.302,36.3
0.02,-0.284,50.98,0.012,8.159,902.217,73.37
0.036,-0.156,78.45,0.006,5.687,935.946,90.62
0.041,0.516,55.334,0.006,7.693,694.346,80.72
0.045,-0.035,40.229,0.003,5.062,1648.461,22.47
0.038,0.152,55.089,0.013,2.634,525.137,33.66
0.029,-0.097,47.071,0.011,3.217,934.37,23.0
0.023,-0.356,56.547,0.012,4.727,896.01,47.9
0.036,-0.011,60.128,-0.001,3.122,1253.505,47.87
0.019,-0.028,68.929,0.007,2.064,1291.27,19.87
0.005,-0.052,51.66,0.007,7.143,837.192,65.73
0.042,-0.001,74.945,0.007,3.301,966.267,59.36
0.049,0.068,64.712,0.005,4.804,981.414,67.52
0.005,-0.007,42.096,0.006,5.151,50.0,84.91
0.02,-0.208,82.938,0.012,3.206,214.404,84.03
0.044,0.108,56.578,-0.002,7.692,607.975,110.01
0.066,-0.331,40.308,0.017,2.042,625.361,27.86
0.035,-0.349,75.141,0.01,5.076,370.287,100.97
0.024,0.153,81.089,0.008,5.041,1149.833,53.39
0.032,0.111,51.538,0.013,4.381,850.847,27.23
0.056,0.01,44.949,0.001,1.647,764.122,44.69
0.025,-0.231,49.587,0.005,6.416,347.538,106.7
0.023,-0.107,62.006,0.007,6.136,832.182,74.72
0.028,-0.027,69.89,0.015,3.014,50.0,66.77
0.021,-0.267,59.987,0.008,6.056,784.817,81.02
0.037,-0.113,53.424,0.01,5.325,875.273,57.32
0.059,0.137,72.972,0.005,1.683,946.766,39.44
0.04,0.277,47.62,0.01,2.621,224.359,48.42
0.031,-0.055,66.433,0.016,7.004,939.927,68.17
0.031,0.156,47.967,0.013,5.181,433.427,44.43
0.012,-0.325,58.034,0.008,3.259,525.012,59.81
0.048,0.139,50.41,0.011,2.611,1137.173,-0.09
0.034,-0.125,51.218,0.011,3.366,1655.645,-2.05
0.032,0.075,46.717,0.011,3.522,870.544,28.82
0.083,-0.025,70.828,0.014,2.639,523.162,63.15
0.039,0.258,41.739,0.014,0.668,925.468,-13.46
0.024,-0.137,41.637,0.007,7.008,1225.612,53.37
0.029,0.133,81.694,0.011,6.635,1098.399,74.01
0.052,-0.03,65.69,0.006,1.699,1947.245,-0.35
0.037,-0.008,18.608,0.003,4.8,563.865,50.67
0.013,-0.013,44.086,0.007,2.515,950.893,18.7
0.049,-0.132,26.632,0.008,3.925,1469.567,0.4
0.025,0.017,38.69,-0.0,3.742,1444.464,20.57
0.063,0.009,15.0,0.012,3.559,69.969,45.34
0.051,0.063,50.082,-0.006,8.906,848.657,124.15
0.028,0.035,36.013,0.022,3.531,1443.808,-32.45
0.054,0.164,52.839,0.016,2.722,2006.257,-40.65
0.036,0.186,29.248,0.007,2.822,1131.518,-3.31
0.048,-0.169,53.161,0.008,6.796,702.855,84.3
0.042,0.176,46.191,0.01,0.865,446.319,25.24
0.022,-0.194,73.027,0.005,2.822,1737.497,16.55
0.025,0.126,71.759,0.009,7.683,1141.497,70.66
0.05,0.132,62.995,0.007,5.037,510.773,86.27
0.03,-0.324,47.427,0.008,4.922,768.737,64.52
0.029,0.037,79.795,0.009,9.191,974.075,102.89
0.021,-0.064,30.258,0.001,5.042,1067.523,42.71
0.041,-0.117,32.35,0.008,2.942,490.153,38.99
0.066,0.263,50.827,0.009,3.879,604.324,48.88
0.019,-0.098,83.557,0.009,2.002,188.826,80.56
0.035,-0.125,49.167,0.007,7.263,1265.905,60.42
0.056,0.034,49.435,0.014,5.764,713.353,58.32
0.034,0.143,31.813,0.006,6.974,1036.529,46.97
0.042,-0.005,65.243,0.009,7.169,1418.903,62.15
0.019,0.23,65.344,0.014,3.589,937.948,27.51
0.041,0.116,63.047,0.008,2.422,804.812,43.24
0.032,-0.372,43.191,0.009,4.386,927.569,51.82
0.05,-0.075,42.106,0.008,2.58,875.277,26.82
0.053,-0.081,33.896,0.014,4.863,1348.466,3.72
0.074,0.106,53.174,0.007,6.991,974.335,78.23
0.044,-0.452,36.874,0.014,4.13,632.24,42.65
0.04,0.479,35.516,0.007,4.83,1269.14,6.54
0.038,0.116,46.068,0.004,4.294,1342.194,29.9
0.03,0.047,45.152,0.011,6.266,314.668,79.73
0.04,0.233,44.468,0.006,3.031,1463.114,-0.23
0.031,0.442,58.53,0.011,0.5,995.885,-12.55
0.038,0.177,53.107,-0.006,5.536,963.308,85.58
0.055,0.191,47.966,0.008,6.673,1252.65,42.23
0.02,0.044,54.562,0.006,5.482,623.209,70.39
0.052,-0.005,38.119,0.003,3.091,1231.666,25.46
0.055,-0.066,53.474,0.005,2.003,699.29,51.06
0.033,-0.129,54.108,0.005,5.588,260.02,100.6
0.005,-0.104,30.957,0.008,4.811,450.897,47.02
0.026,-0.223,65.94,0.001,4.223,1076.809,68.4
0.054,0.006,39.66,0.01,8.509,471.813,90.37
0.035,-0.283,53.264,0.015,2.417,1494.03,-10.97
0.02,0.054,68.302,0.009,8.405,1325.713,68.63
0.027,0.013,64.959,0.012,4.57,1383.376,26.96
0.048,0.046,52.481,0.013,0.5,899.911,4.94
0.043,-0.074,46.925,0.014,4.106,953.145,26.38
0.031,0.574,65.265,0.017,6.611,372.515,56.26
0.029,0.265,61.446,0.006,3.697,1248.313,29.09
0.029,-0.204,43.343,0.004,1.255,1001.933,24.66
0.021,0.062,40.871,0.012,4.138,1076.922,12.21
0.059,-0.089,22.987,0.012,2.614,1525.325,-16.41
0.03,-0.163,54.156,0.012,5.582,607.615,66.89
0.053,-0.221,50.842,0.017,6.201,799.543,55.46
0.058,0.098,67.907,0.008,2.176,980.668,37.7
0.05,-0.103,57.027,0.01,2.947,475.826,54.9
0.029,0.194,70.679,0.003,6.165,774.96,90.17
0.041,0.199,42.237,0.019,2.611,1047.18,-16.7
0.035,0.267,67.934,0.006,2.119,719.831,45.82
0.021,-0.133,44.595,0.006,1.907,1373.596,8.82
0.04,0.106,62.886,0.006,5.274,245.63,95.4
0.017,0.134,31.577,0.005,5.18,1299.108,8.44
0.053,-0.065,55.292,0.004,2.995,1114.474,45.61
0.028,-0.119,24.214,0.005,4.511,622.469,48.35
0.038,0.31,48.26,0.001,7.86,480.237,99.2
0.039,0.061,58.165,0.004,2.357,50.0,83.86
0.031,0.134,44.706,0.018,0.5,531.93,-4.11
0.044,-0.128,37.294,0.012,5.501,1268.871,20.77
0.028,-0.199,63.846,0.013,4.257,827.566,50.02
0.048,-0.083,50.552,0.014,2.938,1315.192,9.78
0.015,-0.002,45.146,0.017,5.935,602.052,38.68
0.037,-0.172,52.587,-0.001,6.346,1132.842,82.6
0.064,0.018,85.0,0.002,0.5,563.001,67.75
0.02,-0.284,68.149,0.004,3.064,463.77,79.0
0.025,-0.182,68.276,0.006,9.599,807.149,119.53
0.043,0.141,58.098,0.006,5.783,584.013,85.45
0.038,0.129,54.331,0.006,5.987,232.871,90.62
0.04,-0.051,18.455,0.009,7.08,777.074,49.75
0.042,-0.163,42.494,0.008,4.538,892.574,46.68
0.045,-0.165,45.272,0.004,6.253,1357.343,57.85
0.052,-0.047,25.752,-0.003,6.08,1224.722,54.25
0.041,0.136,35.796,0.003,5.686,1337.977,35.44
0.031,0.187,24.268,0.005,3.792,1138.143,5.5
0.045,-0.069,51.463,0.007,4.879,983.045,54.98
0.063,-0.188,63.463,0.002,3.206,358.422,99.81
0.033,0.068,67.495,0.006,4.528,909.949,61.42
0.02,-0.128,57.807,0.002,1.929,1088.718,37.85
0.052,-0.073,38.512,0.007,2.761,1432.975,5.98
0.033,0.259,24.951,0.003,3.879,1124.515,12.35
0.005,0.169,27.404,0.004,2.424,1346.153,-16.48
0.048,0.048,34.234,0.001,3.389,437.201,64.5
0.027,-0.209,39.556,0.007,4.139,719.433,51.04
0.034,0.058,49.764,0.004,5.385,1021.74,52.3
0.04,0.211,37.802,0.013,6.588,1314.381,15.78
0.038,-0.048,56.746,0.01,3.48,791.909,41.37
0.046,0.263,48.748,0.008,7.437,817.022,68.82
0.028,0.253,52.148,0.004,6.565,1124.856,53.1
0.043,0.319,67.964,0.01,5.609,399.652,83.02
0.031,0.075,35.477,0.011,4.838,1492.962,0.82
0.046,0.126,57.862,0.009,5.202,498.346,70.43
0.044,0.275,51.804,0.016,7.112,82.564,82.09
0.021,0.101,47.331,0.01,7.192,854.027,60.07
0.051,-0.07,64.394,0.013,7.437,1529.383,47.93
0.027,-0.061,64.306,0.009,4.591,1084.581,44.87
0.047,0.063,38.749,0.011,5.721,1150.436,25.76
0.041,-0.212,49.45,0.004,7.456,866.554,95.04
0.063,-0.006,55.937,0.006,3.128,789.049,59.67
0.032,0.217,48.178,0.01,3.799,232.036,55.82
0.03,-0.374,60.19,0.01,4.535,50.0,103.49
0.035,0.296,55.937,0.011,6.479,928.509,39.29
0.03,0.222,77.656,0.014,6.513,1375.02,45.19
0.047,-0.063,30.576,0.001,3.992,987.653,43.78
0.011,0.118,50.286,0.003,1.181,1099.44,10.26
0.019,0.021,39.281,0.009,5.042,1483.487,6.34
0.019,0.241,60.458,0.004,2.48,981.507,35.42
0.049,0.197,29.36,0.025,1.222,800.938,-44.08
0.061,-0.232,56.848,0.011,1.719,522.59,57.08
0.033,0.126,43.179,0.008,5.218,1658.885,8.0
0.032,-0.017,41.722,0.005,7.494,1060.619,67.75
0.036,0.035,31.749,0.006,4.586,472.559,54.85
0.052,-0.111,45.489,0.008,4.965,381.533,74.41
0.021,0.335,67.183,0.009,7.102,1351.225,47.83
0.039,0.207,51.647,0.006,1.102,435.023,39.23
0.05,-0.113,60.788,0.007,5.644,1591.534,47.7
0.043,-0.22,75.305,0.015,4.475,50.0,97.72
0.038,-0.049,55.693,0.015,5.745,1419.038,21.06
0.05,0.098,44.177,0.009,3.436,1044.758,28.16
0.005,0.063,58.542,0.001,2.701,897.438,51.34
0.045,0.246,44.38,0.011,4.809,779.817,36.76
0.025,0.162,44.938,0.016,8.128,1606.292,10.43
0.008,0.195,30.722,0.015,6.394,1132.824,8.0
0.043,0.079,64.968,0.012,3.383,488.719,56.25
0.056,-0.23,46.596,0.015,1.55,162.436,49.67
0.033,-0.015,54.549,0.008,0.799,920.919,15.14
0.049,0.211,37.497,0.011,7.395,849.572,58.45
0.059,0.011,58.103,0.005,2.399,242.053,75.82
0.055,0.111,41.333,0.009,3.784,827.843,36.76
0.06,-0.037,50.016,0.015,7.407,620.426,73.62
0.046,-0.165,64.29,0.005,0.949,853.716,43.42
0.036,-0.002,63.071,0.004,7.783,1140.369,83.41
0.011,0.076,51.692,0.008,3.942,1447.044,10.67
0.031,-0.098,27.246,0.007,1.973,1213.556,-1.55
0.022,-0.022,85.0,0.011,3.956,561.424,77.49
0.068,-0.149,76.442,0.006,2.91,997.566,67.33
0.032,0.221,62.117,0.017,5.47,875.243,35.59
0.037,-0.033,41.455,0.002,3.074,317.148,73.45
0.043,0.281,50.41,0.014,0.5,1009.293,-13.14
0.036,0.295,44.392,0.004,4.015,1592.669,-4.34
0.06,0.005,69.694,-0.001,1.516,862.971,65.3
0.026,-0.162,55.675,0.009,4.95,212.327,86.7
0.038,-0.355,41.022,0.007,1.888,862.107,35.02
0.024,-0.245,45.409,0.002,3.426,364.515,77.95
0.015,-0.227,67.697,-0.0,4.902,1195.442,75.09
0.026,0.268,74.401,0.008,4.033,1059.946,39.2
0.034,0.041,73.397,0.013,5.051,781.636,62.43
0.029,0.09,62.598,0.011,5.997,717.534,69.23
0.025,-0.38,48.463,0.008,1.953,765.106,33.65
0.014,-0.196,15.0,0.01,4.358,853.31,23.39
0.034,0.18,56.16,0.008,0.5,541.106,30.32
0.012,0.072,51.974,0.001,5.044,294.899,89.75
0.046,-0.006,53.96,0.001,3.838,1305.48,42.1
0.036,0.122,52.755,0.007,2.336,695.84,36.75
0.013,0.314,33.432,0.007,5.195,916.817,24.33
0.03,-0.02,59.804,0.012,7.08,964.113,64.89
0.024,0.032,60.851,0.012,3.453,978.808,33.33
0.04,0.055,61.553,0.011,2.421,380.473,51.74
0.055,0.451,65.252,0.007,4.863,179.664,89.92
0.007,-0.358,60.457,0.001,1.562,614.523,59.58
0.037,0.143,46.26,0.01,3.047,1008.285,14.39
0.033,-0.001,51.008,0.011,7.189,558.82,80.04
0.045,0.122,53.276,-0.004,4.637,708.031,89.72
0.038,-0.098,53.508,0.004,0.5,1700.919,-12.5
0.024,0.011,65.975,0.005,0.547,111.83,63.65
0.03,0.148,61.011,0.009,4.857,547.986,71.01
0.023,0.58,81.083,0.004,6.397,1608.642,46.38
0.051,0.165,82.891,0.008,0.941,832.161,43.96
0.035,-0.133,53.115,0.007,5.489,567.606,72.08
0.064,-0.056,15.0,0.007,7.427,1317.508,44.71
0.034,-0.062,69.316,0.004,8.653,872.092,111.63
0.024,-0.303,44.435,0.005,5.229,710.677,70.56
0.012,-0.039,40.779,0.003,5.615,926.948,53.05
0.008,0.152,46.422,0.01,0.5,586.756,6.53
0.011,-0.209,45.747,0.011,9.119,443.004,99.53
0.039,0.209,60.572,0.004,3.234,804.561,55.24
0.043,0.108,30.168,0.016,2.446,445.601,8.3
0.011,-0.112,36.912,0.006,3.939,854.277,33.94
0.048,-0.005,56.804,0.016,7.826,991.763,67.6
0.028,0.308,60.721,0.005,9.358,1191.224,80.23
0.037,0.152,60.982,-0.002,4.776,1301.17,58.39
0.059,0.022,40.981,0.01,6.696,687.705,65.4
0.048,-0.023,38.304,0.009,4.595,1049.766,33.87
0.031,0.034,44.907,0.008,2.217,1047.009,16.26
0.022,-0.072,55.358,0.005,7.749,981.127,84.97
0.005,-0.359,72.797,0.008,3.131,658.216,67.22
0.024,0.388,23.336,0.005,7.878,438.773,68.53
0.032,0.048,48.91,0.006,7.357,1050.801,71.86
0.02,0.092,33.343,0.012,5.851,167.255,65.48
0.033,0.01,28.869,0.009,8.524,742.864,65.73
0.036,-0.112,65.537,0.011,9.411,50.0,129.67
0.032,-0.013,59.625,0.007,4.114,315.439,81.04
0.025,-0.268,58.292,0.006,2.721,499.146,70.05
0.038,0.43,64.894,0.002,0.5,1288.69,2.04
0.042,-0.202,45.284,0.006,9.438,1125.243,89.03
0.019,-0.166,45.943,-0.009,3.533,628.426,89.66
0.056,-0.059,82.6,0.005,6.997,1141.748,98.83
0.034,0.252,48.548,0.008,2.869,1205.049,5.53
0.035,0.023,62.292,0.011,7.884,785.734,87.7
0.046,-0.203,52.089,0.007,2.96,296.249,75.15
0.038,0.246,26.124,0.01,1.878,766.835,-5.94
0.049,0.152,23.375,-0.003,4.041,810.843,53.58
0.039,0.117,43.894,0.008,3.33,357.018,48.82
0.026,0.149,66.785,-0.0,5.812,996.819,83.86
0.04,0.451,63.036,0.002,4.387,961.925,57.3
0.018,0.413,64.797,0.007,5.881,1028.017,53.34
0.037,-0.104,38.181,0.014,3.86,961.569,16.47
0.035,0.312,74.622,0.01,3.037,1141.937,24.68
0.032,0.089,38.491,0.008,3.216,778.269,27.53
0.033,0.11,54.98,0.008,8.999,930.714,84.01
0.007,-0.285,51.855,0.004,4.995,690.904,71.69
0.027,-0.011,49.566,0.005,0.5,616.2,27.39
0.036,-0.126,70.74,0.01,3.356,1385.3,28.46
0.037,0.169,42.128,0.001,4.713,50.0,89.43
0.02,0.213,33.106,0.011,8.56,1200.704,37.97
0.054,-0.353,52.28,0.006,6.763,601.784,103.63
0.022,0.016,46.402,0.012,2.472,549.985,26.59
0.05,0.222,85.0,0.013,9.82,954.631,99.32
0.041,-0.014,61.471,-0.0,4.431,254.156,102.92
0.025,0.151,46.269,0.005,7.242,523.591,91.43
0.062,0.083,37.214,0.004,1.959,510.344,43.43
0.017,0.081,25.676,-0.001,0.5,761.441,14.36
0.049,-0.029,37.647,0.003,1.401,528.345,43.62
0.05,-0.199,53.609,0.02,0.5,1490.447,-42.86
0.025,-0.182,71.983,0.011,9.147,1568.807,76.23
0.056,0.148,67.704,0.018,4.972,50.0,82.52
0.031,0.024,55.207,0.012,2.466,1067.729,10.0
0.039,-0.005,47.476,0.004,5.496,1193.465,50.19
0.039,-0.056,55.763,0.006,4.917,1067.194,50.56
0.033,-0.035,44.739,0.011,5.866,586.755,68.13
0.047,0.208,76.057,0.01,7.161,752.362,85.8
0.047,-0.04,49.351,0.005,3.862,550.69,66.38
0.009,-0.221,50.791,0.0,2.564,681.894,57.77
0.055,0.154,20.978,0.024,6.321,366.014,24.06
0.01,-0.017,49.264,0.007,6.265,804.084,66.89
0.05,0.026,63.711,0.006,4.722,248.879,103.99
0.052,0.309,37.052,0.009,9.291,769.946,74.17
0.019,0.016,41.49,0.007,3.537,350.567,55.38
0.029,0.072,63.098,0.009,2.52,932.727,31.52
0.018,-0.192,31.327,0.014,5.42,578.232,37.71
0.032,-0.02,66.809,0.007,3.015,966.232,54.42
0.03,0.13,44.55,0.002,5.59,1282.632,47.39
0.047,-0.26,46.56,0.007,2.667,1485.779,14.75
0.055,0.056,36.266,0.006,3.619,50.0,80.71
0.056,0.038,57.293,0.015,8.66,516.322,97.89
0.027,0.027,85.0,0.014,3.608,728.766,57.12
0.032,0.207,62.941,0.009,2.743,1034.131,25.71
0.01,0.08,39.9,0.002,7.075,189.858,104.79
0.023,0.286,67.899,0.002,2.188,457.163,59.74
0.049,-0.159,47.566,0.008,2.976,902.143,45.42
0.059,0.044,71.243,0.01,5.768,883.955,74.46
0.016,0.035,63.293,0.006,6.565,1001.047,74.63
0.026,-0.172,15.0,0.006,7.185,1027.47,43.74
0.035,0.192,37.943,0.005,2.856,985.438,19.86
0.039,0.438,65.221,0.008,5.811,927.462,54.98
0.023,0.017,54.123,-0.004,3.475,872.296,65.92
0.041,0.111,37.667,0.002,3.168,1115.905,25.94
0.028,0.035,43.13,0.005,7.147,50.0,112.93
0.035,-0.108,25.313,0.014,3.291,1467.733,-30.67
0.043,-0.308,50.763,0.004,5.112,50.0,109.99
0.035,-0.107,82.95,0.009,4.842,418.335,97.12
0.028,-0.231,63.269,0.009,2.144,759.296,42.35
0.033,0.327,82.666,0.014,6.625,1119.045,60.12
0.034,-0.001,64.354,0.014,5.733,50.0,97.73
0.029,-0.042,66.385,0.008,0.5,838.75,28.84
0.031,0.18,79.637,0.006,5.11,1166.958,58.8
0.059,-0.182,57.282,0.005,2.799,1247.807,45.3
0.043,-0.118,49.379,0.007,6.914,571.068,85.35
0.031,0.032,66.457,0.006,1.32,729.666,49.68
0.045,0.205,72.354,0.011,3.716,603.541,57.11
0.03,0.11,45.28,0.01,5.296,692.93,48.05
0.053,0.065,41.898,0.011,4.62,437.269,55.76
0.041,0.034,53.944,0.014,6.179,494.299,64.9
0.033,0.092,63.641,0.017,1.159,1023.751,2.6
0.042,0.056,63.173,0.009,8.134,902.646,89.11
0.011,-0.165,32.062,0.013,5.655,1046.635,25.91
0.018,0.028,78.762,0.006,7.491,935.606,89.65
0.017,-0.173,43.024,0.014,6.423,1131.735,33.42
0.037,0.035,48.289,0.013,4.474,1201.286,19.12
0.061,-0.067,39.363,0.013,1.675,153.313,44.94
0.068,0.477,85.0,0.008,3.26,508.276,70.5
0.045,0.013,55.389,0.005,7.997,757.45,101.52
0.043,-0.233,40.086,0.001,7.548,840.929,95.54
0.008,-0.004,64.095,0.008,3.137,581.964,50.1
0.027,0.113,62.768,0.016,0.5,1214.809,-25.91
0.023,0.321,49.372,0.006,4.032,1641.979,-0.15
0.026,-0.086,63.768,0.012,3.867,924.465,49.75
0.032,-0.265,40.446,0.012,3.951,883.736,28.86
0.028,0.167,45.099,0.007,5.663,1189.783,34.44
0.005,-0.229,23.857,0.015,6.428,103.664,65.4
0.046,-0.059,33.465,-0.007,6.679,861.388,91.42
0.019,-0.026,77.307,0.002,5.481,1241.614,71.0
0.039,0.007,74.98,0.003,0.538,592.738,56.01
0.066,0.144,52.921,0.004,3.749,359.376,83.78
0.021,-0.103,75.281,0.01,9.569,775.678,116.87
0.005,-0.029,49.759,0.009,5.323,825.726,47.82
0.031,0.017,48.592,0.01,5.309,486.539,61.9
0.052,0.047,52.791,0.011,5.291,1688.465,12.38
0.064,0.038,50.251,0.003,5.414,658.521,82.24
0.017,0.098,48.987,0.002,0.5,388.536,37.23
0.042,0.172,68.008,0.01,3.973,812.551,50.92
0.028,0.091,54.102,0.005,4.417,1213.144,38.62
0.033,0.102,61.975,0.0,7.319,856.966,100.47
0.075,-0.265,66.439,0.013,4.605,1044.238,60.7
0.012,0.029,57.435,0.015,0.878,501.396,14.51
0.039,0.106,38.416,0.016,5.446,1445.075,-3.17
0.042,0.151,33.06,0.009,2.732,1074.684,-1.83
0.051,-0.105,54.083,0.011,1.823,1269.081,9.32
0.036,-0.099,49.602,0.015,2.665,996.064,9.2
0.04,-0.083,53.223,0.005,5.694,1179.954,53.06
0.029,0.117,51.775,0.014,7.269,500.779,71.58
0.039,0.206,85.0,0.009,5.562,653.436,85.05
0.03,-0.053,33.377,0.013,5.89,1388.592,10.83
0.044,0.183,24.141,0.009,5.541,1473.897,4.04
0.029,0.042,56.653,0.014,4.723,391.174,56.05
0.041,-0.002,46.73,0.009,6.033,949.894,54.14
0.035,-0.018,56.425,0.001,0.5,677.622,38.0
0.052,0.154,60.174,0.015,4.744,571.187,59.16
0.034,0.079,69.977,0.003,2.201,963.936,43.8
0.008,0.43,30.899,0.014,7.058,1306.385,-4.19
0.054,-0.133,44.206,0.008,4.176,1030.665,46.56
0.021,0.113,58.003,0.014,4.568,722.195,38.31
0.025,-0.075,62.786,0.014,1.189,1055.944,0.73
0.026,-0.136,82.708,0.01,6.737,706.01,101.41
0.056,0.018,65.38,0.011,5.88,1014.846,65.36
0.005,0.045,51.205,0.01,5.725,1408.586,17.55
0.082,0.545,39.534,-0.002,2.711,50.0,78.43
0.051,-0.013,44.1,0.009,2.798,1168.901,14.27
0.038,-0.183,43.702,0.002,4.992,234.378,97.59
0.034,0.069,61.173,0.009,2.972,1341.331,9.34
0.039,-0.353,55.598,0.002,5.457,595.19,100.64
0.043,0.003,33.469,0.002,0.5,362.931,45.47
0.045,0.023,45.897,0.016,3.427,1128.108,1.41
0.043,0.163,64.286,0.013,8.453,995.668,70.4
0.036,0.195,56.923,0.008,5.467,450.325,70.87
0.032,-0.071,59.961,0.009,4.867,348.8,84.51
0.033,-0.007,57.361,0.007,8.867,775.007,103.01
0.032,-0.118,74.77,0.011,0.5,368.365,55.63
0.052,-0.183,55.305,0.005,2.706,425.411,70.47
0.044,0.076,46.596,0.013,3.617,896.248,24.79
0.005,-0.209,39.179,0.007,6.388,463.651,81.06
0.045,-0.055,55.495,0.006,6.426,1020.616,73.23
0.038,-0.159,17.83,0.008,2.595,1446.057,-14.72
0.035,0.119,49.42,0.005,6.695,790.578,71.96
0.029,0.344,49.118,0.01,3.613,902.06,20.03
0.052,-0.214,32.897,0.005,7.166,1657.239,43.81
0.049,-0.314,39.004,0.01,2.228,374.96,52.02
0.023,-0.002,63.335,0.014,4.229,1326.494,12.26
0.041,0.023,55.23,0.004,3.422,1278.343,32.28
0.02,0.059,53.425,0.007,6.823,1191.727,56.59
0.014,-0.06,56.289,0.01,3.35,1366.699,11.9
0.026,-0.016,53.297,0.006,4.407,962.23,48.62
0.048,0.086,69.4,0.01,5.615,616.828,78.64
0.049,0.207,53.728,0.011,5.7,1287.829,35.01
0.043,-0.332,31.585,0.013,6.451,1303.137,36.19
0.046,-0.046,74.822,0.005,4.964,1292.126,68.44
0.043,0.058,57.185,0.003,3.58,867.801,62.94
0.025,-0.145,43.75,0.006,3.731,563.522,55.91
0.041,0.332,34.452,0.003,4.556,926.545,33.71
0.047,-0.094,57.543,0.011,5.049,1226.892,40.15
0.046,0.013,50.36,0.002,4.176,1259.741,44.2
0.053,0.12,74.038,0.02,4.542,678.13,52.31
0.046,-0.086,47.157,0.014,1.162,976.149,5.63
0.04,-0.312,40.277,0.008,5.968,326.489,91.71
0.051,-0.057,64.541,0.012,4.898,1243.98,36.57
0.035,0.205,64.954,-0.0,6.704,536.676,101.85
0.022,-0.041,54.361,0.021,4.5,1164.102,3.8
0.033,-0.132,61.469,0.005,0.676,390.278,59.91
0.024,0.187,51.472,0.007,3.711,1262.566,16.36
0.025,-0.04,55.274,-0.001,4.06,978.734,70.62
0.033,-0.072,68.31,0.01,6.134,537.457,85.6
0.023,0.047,60.754,0.002,0.5,1126.543,14.82
0.03,0.159,49.63,0.009,4.591,613.855,48.48
0.007,0.449,70.933,0.005,5.63,1149.822,43.98
0.038,0.169,18.892,0.003,3.045,740.355,24.65
0.035,0.229,80.729,0.004,4.664,161.581,107.88
0.023,-0.071,28.117,0.009,3.121,457.034,28.09
0.045,-0.165,43.221,0.002,2.895,677.834,62.98
0.049,0.031,51.427,0.004,3.601,1397.276,22.46
0.011,0.039,49.949,0.011,2.936,1210.457,-1.14
0.024,-0.174,66.09,0.021,6.004,1499.545,9.49
0.023,-0.012,37.19,0.01,2.883,1511.454,-14.26
0.021,0.092,55.651,0.003,2.514,636.1,51.76
0.047,0.085,43.905,0.006,8.389,774.605,93.37
0.032,0.111,56.132,0.008,6.614,685.488,78.5
0.031,0.072,51.093,0.006,0.5,581.396,33.01
0.005,-0.071,53.301,0.013,2.818,113.402,53.78
0.045,-0.073,44.301,0.009,5.033,844.101,47.96
0.016,-0.196,44.859,0.013,5.212,335.774,64.23
0.036,0.341,56.022,0.006,1.221,836.331,20.75
0.039,0.022,65.212,0.015,7.049,1696.308,29.2
0.055,-0.02,43.624,0.007,6.315,646.262,75.59
0.015,-0.147,39.837,0.003,5.56,927.91,59.73
0.005,0.548,60.588,0.019,7.485,1212.659,9.54
0.038,-0.173,51.545,-0.001,5.495,962.117,78.61
0.062,-0.057,63.627,0.004,5.487,966.994,77.88
0.054,0.095,39.319,0.005,7.927,705.039,86.16
0.038,0.128,27.088,0.021,6.923,757.249,15.55
0.028,0.192,44.538,0.017,2.649,465.996,13.36
0.047,0.345,41.271,0.015,5.893,1188.418,15.08
0.02,0.111,50.897,0.006,3.039,153.403,62.49
0.042,-0.17,43.084,0.02,5.609,1238.435,10.43
0.043,-0.026,62.374,0.01,5.549,288.521,92.33
0.051,0.075,47.966,0.013,1.456,1235.043,-8.07
0.076,0.392,54.107,0.009,4.232,708.473,49.33
0.041,-0.232,54.207,0.008,5.084,357.253,92.24
0.027,0.236,54.729,0.007,3.54,1081.719,27.44
0.035,0.052,51.662,0.007,5.192,1221.507,43.26
0.008,0.171,59.148,0.011,6.273,674.769,59.17
0.025,0.002,40.861,0.01,4.433,1138.244,17.44
0.029,-0.132,71.592,0.008,4.994,50.0,108.32
0.027,0.155,48.688,0.016,7.544,321.761,72.86
0.037,0.138,33.638,-0.007,5.541,1366.964,51.96
0.023,0.195,54.633,0.011,4.942,760.532,41.12
0.052,0.018,40.083,0.012,2.392,105.115,48.86
0.035,-0.088,61.315,0.014,5.976,570.454,69.47
0.035,-0.261,82.934,0.008,5.226,480.64,108.51
0.03,0.167,40.988,0.009,7.324,783.615,54.8
0.037,0.096,56.653,0.013,4.603,701.7,47.62
0.047,-0.154,27.423,0.015,0.504,921.573,-15.39
0.022,-0.077,58.355,0.006,0.76,822.214,25.57
0.025,-0.064,39.6,0.009,6.118,1393.896,32.61
0.03,-0.247,43.252,0.016,3.246,1019.819,11.09
0.015,-0.127,36.582,-0.003,5.461,1033.069,58.34
0.023,-0.184,62.25,0.005,4.751,1316.063,48.39
0.028,-0.054,66.102,0.015,4.133,694.492,48.4
0.048,-0.113,52.327,0.013,4.288,345.249,68.43
0.039,-0.273,39.898,0.011,2.596,1332.788,2.67
0.038,0.384,74.253,0.006,4.465,904.337,54.62
0.048,0.245,41.494,0.004,3.214,905.74,28.76
0.033,-0.12,21.732,0.005,3.681,596.668,38.66
0.041,0.069,58.417,0.016,3.788,603.258,37.94
0.033,0.095,36.533,0.005,4.001,1188.689,16.94
0.039,0.234,65.841,0.009,6.529,1243.862,49.0
0.026,-0.127,46.664,0.004,4.214,1163.529,42.69
0.005,0.217,60.452,0.012,6.752,1167.185,42.68
0.033,-0.079,71.621,0.005,7.883,1077.612,97.62
0.056,-0.22,35.076,0.008,6.381,902.609,67.96
0.049,0.15,44.077,-0.0,5.676,779.848,79.2
0.049,0.252,50.941,-0.0,5.219,1334.13,50.9
0.054,0.486,73.526,0.008,6.404,700.512,78.87
0.036,-0.196,42.783,0.001,4.697,997.992,62.14
0.038,0.146,43.677,0.019,6.666,528.395,44.52
0.026,-0.054,58.694,-0.002,5.851,586.28,103.37
0.03,0.161,43.919,0.004,3.708,755.538,44.31
0.044,-0.245,54.135,0.008,6.471,528.425,97.43
0.053,-0.207,30.278,0.006,4.701,1169.141,37.37
0.033,-0.12,83.001,0.002,4.267,310.786,116.39
0.028,0.034,33.132,0.003,3.452,889.692,33.17
0.035,-0.095,47.495,0.003,4.865,903.003,64.3
0.044,0.139,51.545,0.007,6.692,125.68,105.46
0.013,0.205,78.778,0.018,6.456,673.59,54.6
0.005,0.128,33.452,0.008,5.277,952.28,21.05
0.027,0.311,79.772,0.014,5.819,1021.491,52.74
0.017,0.095,62.6,0.011,7.298,768.277,71.69
0.027,-0.199,57.839,0.014,4.17,1120.755,27.46
0.033,0.265,38.215,-0.006,2.046,806.273,43.55
0.028,-0.089,59.996,0.006,7.362,855.461,86.88
0.057,0.184,41.871,0.015,3.334,950.662,10.89
0.04,0.303,69.733,0.005,2.981,1220.8,28.41
0.04,0.102,38.405,0.017,0.548,579.713,-7.79
0.044,-0.249,50.416,0.015,5.757,655.271,63.24
0.018,-0.145,44.226,0.006,0.933,582.441,31.45
0.051,0.258,38.175,0.005,2.849,717.121,34.11
0.034,-0.01,62.378,0.003,5.794,1420.494,57.62
0.045,0.034,59.496,0.005,6.088,1079.09,66.46
0.019,0.157,68.926,0.002,3.066,397.564,74.45
0.012,0.145,27.082,0.01,4.205,609.821,31.04
0.047,0.07,66.898,0.001,2.58,999.107,55.39
0.041,-0.018,85.0,0.011,3.294,487.397,77.35
0.021,-0.036,45.677,0.011,5.086,559.864,56.11
0.022,0.174,78.532,-0.0,3.396,1387.984,52.97
0.052,0.12,48.316,0.016,3.963,604.65,32.4
0.017,-0.026,32.786,0.011,1.278,1231.867,-26.8
0.06,0.215,47.721,0.012,6.993,1352.129,30.18
0.021,-0.003,66.675,0.004,5.622,556.615,97.63
0.045,-0.133,40.266,0.011,6.244,494.015,68.6
0.03,-0.117,43.595,0.014,7.339,739.547,61.13
0.044,-0.156,60.31,0.008,2.685,414.549,65.35
0.027,-0.029,52.043,0.018,3.712,898.414,9.81
0.033,0.242,60.185,0.008,0.5,767.739,15.46
0.036,-0.125,55.33,0.014,11.409,994.232,93.48
0.02,0.054,58.715,0.009,4.171,1408.777,15.83
0.046,-0.098,45.948,0.011,6.785,1176.994,55.83
0.027,-0.027,55.244,-0.0,1.776,1045.696,39.63
0.032,-0.252,39.017,0.01,6.692,63.581,101.66
0.02,-0.02,70.038,0.004,8.587,1027.35,102.23
0.005,-0.015,43.12,0.004,4.367,1539.051,11.63
0.032,0.117,67.804,0.017,2.276,50.0,52.03
0.071,0.06,48.73,0.007,4.195,1125.753,42.59
0.047,-0.196,54.828,0.003,0.5,786.257,42.74
0.035,0.215,45.07,0.006,4.417,510.082,55.29
0.031,0.058,37.776,0.001,6.306,1170.451,54.31
0.035,0.056,27.573,0.015,4.421,1533.882,-24.31
0.043,0.018,37.225,0.005,3.875,1160.092,26.33
0.017,-0.073,47.465,0.011,5.661,701.523,52.69
0.052,0.059,54.966,0.015,5.829,472.612,62.53
0.046,0.106,66.145,0.005,0.848,907.851,25.11
0.046,-0.294,45.759,0.011,4.695,1199.268,32.44
0.042,-0.077,39.653,0.003,9.859,695.179,117.85
0.035,-0.026,31.802,0.02,1.563,733.847,-17.02
0.045,0.066,58.721,0.013,4.312,1978.8,-8.21
0.044,0.235,71.365,0.007,8.772,1281.461,72.99
0.03,-0.119,69.729,0.004,6.929,1310.051,73.64
0.026,-0.07,61.939,0.007,3.371,265.886,73.24
0.037,-0.072,60.94,0.006,4.953,567.125,81.82
0.058,-0.124,75.767,0.018,4.495,879.873,61.87
0.016,-0.042,56.649,0.002,2.854,449.545,70.97
0.013,0.159,61.046,0.009,4.337,1490.159,18.37
0.037,-0.17,47.509,0.008,3.884,1414.125,19.94
0.036,0.097,32.931,0.007,4.748,636.582,50.93
0.038,-0.286,42.426,0.007,2.854,1563.567,14.5
0.039,-0.081,51.872,0.007,1.691,848.299,31.06
0.032,-0.039,52.851,0.012,4.409,1885.756,-9.78
0.057,0.321,78.968,0.011,8.273,907.874,85.63
0.011,-0.029,53.138,0.01,4.681,1080.477,30.44
0.023,-0.376,68.504,-0.007,3.77,1409.961,78.01
0.033,-0.34,45.909,0.009,6.159,1361.053,51.46
0.01,0.026,47.637,-0.0,4.152,1054.293,41.78
0.032,0.13,33.394,0.011,8.61,793.544,61.48
0.06,0.088,41.607,0.015,4.491,1055.653,11.73
0.035,0.05,59.378,0.003,6.041,523.526,94.24
0.038,0.229,52.106,0.007,2.84,910.853,29.24
0.016,-0.077,65.201,0.005,5.607,406.277,98.24
0.026,0.181,54.538,0.014,5.105,137.647,69.47
0.029,-0.274,47.066,0.008,4.376,870.171,53.06
0.03,-0.143,82.076,0.017,3.396,1354.911,24.4
0.054,-0.305,50.685,0.01,3.096,1220.322,29.73
0.043,-0.029,68.282,0.009,5.121,817.235,67.31
0.018,0.012,46.383,0.008,5.884,1548.796,13.7
0.039,0.041,61.934,0.012,4.22,622.375,54.15
0.042,0.031,64.992,-0.001,5.132,82.867,124.83
0.052,-0.147,54.919,0.008,4.417,50.0,102.94
0.059,-0.014,19.037,0.008,4.717,377.524,53.61
0.02,-0.25,52.256,0.012,4.059,1176.65,24.96
0.023,0.265,69.226,0.007,4.54,596.079,68.08
0.016,-0.035,59.385,0.003,10.436,1034.383,107.69
0.031,-0.068,58.242,0.008,5.186,1508.513,34.52
0.042,0.306,27.888,0.003,5.92,409.961,74.4
0.05,-0.204,41.914,-0.002,5.464,1041.4,84.78
0.034,-0.183,57.759,0.012,3.922,1065.585,35.88
0.03,-0.177,57.745,0.011,7.347,505.705,94.44
0.037,0.008,69.005,0.01,3.859,1391.684,33.75
0.022,0.098,49.972,0.015,6.821,734.917,49.68
0.066,0.153,57.682,0.005,3.765,696.499,68.19
0.011,0.483,52.229,0.001,2.388,1694.645,-17.13
0.038,-0.385,38.183,0.008,5.304,1059.107,48.83
0.065,0.13,20.419,0.006,2.07,1220.116,-2.01
0.035,-0.08,58.034,0.004,5.678,1391.957,50.2
0.032,-0.086,54.435,0.008,1.873,589.81,42.63
0.03,-0.092,43.346,0.005,3.798,1349.928,17.15
0.032,-0.144,29.332,-0.001,1.35,649.242,46.54
0.056,0.323,60.816,0.006,10.713,632.151,126.44
0.005,0.172,48.277,0.002,0.861,741.2,21.78
0.058,0.024,59.796,0.009,4.522,601.174,72.78
0.014,0.263,78.097,0.005,7.015,1178.863,72.69
0.031,-0.252,22.02,0.014,6.78,956.884,38.17
0.029,-0.22,42.206,0.016,6.373,653.51,51.99
0.044,-0.372,49.069,0.011,3.802,1119.802,38.91
0.011,-0.106,72.368,0.0,7.472,739.927,119.07
0.042,0.049,29.09,0.016,6.509,718.772,39.84
0.065,0.039,79.102,0.016,4.967,869.474,54.17
0.015,0.047,53.902,0.008,5.029,1035.384,38.69
0.038,-0.234,50.656,0.015,3.831,1005.939,23.48
0.025,0.165,49.227,0.005,2.499,704.7,36.67
0.041,0.063,45.892,-0.001,7.222,1188.844,68.1
0.035,0.152,66.674,0.004,7.387,761.042,89.4
0.025,-0.321,37.041,0.017,2.555,588.006,26.33
0.042,0.076,56.836,0.001,4.162,262.791,97.31
0.062,-0.194,46.621,0.008,4.184,1243.271,38.56
0.032,-0.052,41.33,0.008,4.428,854.956,42.73
0.046,0.116,85.0,0.005,4.641,934.349,81.24
0.016,0.036,57.867,0.006,6.583,1268.321,55.98
0.021,-0.133,60.586,0.008,2.856,659.038,50.05
0.042,0.021,67.929,0.005,2.638,300.24,81.53
0.057,-0.256,32.101,0.001,7.221,877.912,89.23
0.04,0.227,76.532,0.009,3.482,973.185,42.81
0.03,-0.017,16.875,0.013,1.721,744.86,-6.98
0.035,0.221,41.237,0.012,3.433,1439.495,-14.69
0.016,-0.075,45.574,0.004,3.774,50.0,86.85
0.044,-0.074,60.144,0.002,7.921,1298.023,86.22
0.048,-0.118,55.062,0.007,6.535,1166.461,71.38
0.028,0.178,49.665,0.016,7.025,1032.708,30.58
0.028,-0.108,51.832,0.011,6.304,50.0,93.86
0.039,0.136,38.308,0.012,6.582,1363.556,16.65
0.028,-0.049,31.039,0.012,2.986,439.426,29.1
0.034,-0.336,62.171,0.01,4.063,646.923,75.5
0.066,-0.083,61.712,0.009,2.322,781.763,55.94
0.031,-0.192,74.183,0.011,4.037,1012.967,46.34
0.03,0.026,40.94,0.005,6.005,1105.771,48.54
0.025,-0.194,61.699,0.001,4.796,1207.136,53.98
0.046,0.187,48.028,0.012,7.385,1176.341,46.52
0.032,0.004,68.667,0.014,1.989,951.171,24.78
0.025,-0.012,66.307,0.002,5.601,1016.369,76.26
0.055,0.138,54.957,0.012,1.754,413.699,39.52
0.056,0.194,47.247,0.016,4.707,549.589,41.4
0.026,0.016,65.453,0.008,6.129,1208.184,53.06
0.007,-0.119,61.057,0.004,4.028,1184.884,45.73
0.05,-0.299,42.418,0.009,5.712,1139.52,50.18
0.025,-0.103,33.411,0.005,2.389,644.233,37.4
0.047,-0.091,47.961,0.005,0.84,1214.197,10.63
0.005,0.039,73.216,0.01,5.725,385.502,82.75
0.048,-0.042,68.051,-0.0,8.337,1280.944,96.32
0.017,0.144,36.427,0.001,2.309,745.652,24.13
0.046,-0.09,35.651,0.008,7.189,1523.668,39.55
0.035,0.01,69.846,0.008,4.596,241.423,91.99
0.021,0.233,36.101,0.01,1.561,1555.362,-37.24
0.029,0.082,59.13,0.017,2.011,705.414,20.13
0.045,0.009,43.375,0.009,4.535,698.208,48.3
0.037,-0.088,74.639,0.011,3.61,927.936,50.86
0.044,-0.094,41.214,0.003,1.612,571.168,46.24
0.065,-0.133,68.007,0.012,0.773,821.068,34.02
0.012,-0.077,54.588,0.005,2.637,554.949,60.1
0.059,0.156,55.531,0.008,4.926,569.575,76.35
0.037,-0.02,24.416,0.007,4.486,1044.754,24.19
0.022,-0.223,21.159,0.013,3.397,489.374,28.76
0.015,0.338,48.912,0.001,4.944,542.722,65.95
0.032,0.078,55.457,-0.003,6.788,300.884,123.79
0.049,-0.233,36.247,0.007,5.367,648.428,67.29
0.033,-0.06,36.758,0.01,4.233,1374.641,2.74
0.058,0.04,59.861,0.009,6.542,511.627,96.8
0.013,0.327,59.88,0.014,2.388,557.347,21.61
0.035,-0.179,50.072,0.01,4.005,927.569,41.62
0.016,0.196,62.923,0.005,4.058,701.681,57.84
0.04,0.272,35.561,-0.004,1.779,1741.262,-12.42
0.048,-0.093,47.017,0.007,3.576,784.989,46.48
0.029,-0.03,75.07,0.013,0.5,984.087,15.4
0.005,-0.167,52.957,0.006,8.707,1227.508,71.31
0.038,-0.017,53.768,0.008,2.438,1219.831,16.56
0.042,0.013,84.283,0.01,7.989,943.315,98.99
0.041,0.139,32.409,0.003,4.584,785.549,44.76
0.054,0.216,63.15,0.011,5.743,1659.611,19.16
0.019,-0.115,75.296,0.016,3.425,810.096,35.57
0.045,-0.334,47.452,0.007,4.957,673.324,74.54
0.053,0.016,64.035,0.002,5.931,591.66,105.9
0.008,0.073,38.252,0.008,5.962,159.279,68.77
0.04,0.065,42.386,-0.003,6.205,1178.646,68.32
0.027,-0.039,57.39,0.01,3.69,50.0,79.93
0.034,0.042,63.18,0.01,3.443,847.711,39.82
0.04,0.293,67.693,0.016,0.993,768.056,12.17
0.028,0.089,73.975,0.007,5.651,1745.986,32.58
0.025,-0.047,51.056,0.01,6.881,117.34,98.26
0.036,-0.07,68.711,0.004,8.055,489.559,124.03
0.019,-0.011,47.208,0.006,5.171,795.561,49.58
0.019,0.315,64.629,0.0,2.814,770.988,57.72
0.045,-0.013,54.905,0.007,0.766,630.182,31.87
0.018,0.016,58.239,0.006,6.792,817.605,76.09
0.045,-0.067,57.929,0.009,0.548,346.175,47.98
0.042,0.218,29.534,0.005,3.751,992.877,25.47
0.009,0.373,36.262,0.008,4.007,50.0,47.06
0.025,0.101,53.436,0.006,4.347,839.692,47.73
0.053,0.035,28.378,0.006,4.579,609.857,56.08
0.02,0.027,63.637,0.008,4.804,1256.515,40.01
0.028,-0.409,64.202,0.008,0.5,1552.124,6.1
0.042,0.154,56.58,0.012,4.532,717.579,43.29
0.047,0.044,36.304,0.007,0.5,1406.29,-21.34
0.031,0.097,71.322,0.006,6.111,723.553,86.06
0.026,-0.108,80.521,0.007,3.279,463.549,81.37
0.056,-0.049,54.059,0.004,0.5,1548.361,-5.06
0.061,-0.054,59.147,0.006,2.709,1058.311,42.14
0.05,0.204,54.824,0.018,3.246,851.775,18.12
0.036,-0.048,59.425,0.003,7.12,1124.871,80.98
0.023,0.395,50.326,0.007,4.933,959.686,38.21
0.023,0.098,51.516,0.006,5.258,822.312,56.81
0.043,-0.21,64.68,0.007,7.099,319.426,117.23
0.041,-0.003,84.839,0.006,4.288,741.785,91.17
0.056,-0.097,32.399,0.009,6.159,1099.302,44.15
0.045,-0.375,50.547,-0.001,6.004,800.891,105.52
0.012,0.308,35.474,0.013,1.67,1210.93,-37.96
0.051,0.147,74.288,0.011,7.741,1003.462,85.18
0.02,0.116,43.772,0.002,1.375,498.745,42.91
0.029,0.05,31.795,-0.003,6.518,322.331,101.21
0.039,-0.229,60.935,0.003,1.162,787.129,49.14
0.065,-0.067,76.42,0.007,5.823,640.309,103.98
0.082,0.172,61.29,0.021,8.596,984.529,63.98
0.044,-0.169,54.867,0.011,4.031,562.745,63.12
0.032,-0.436,57.728,-0.001,3.936,603.843,99.67
0.043,-0.021,71.808,0.005,5.843,1271.228,72.23
0.048,-0.006,39.761,0.008,3.775,909.281,32.24
0.03,0.044,50.434,0.009,8.5,568.909,88.01
0.062,0.151,45.662,0.001,4.923,857.057,67.57
0.038,0.135,35.65,0.007,3.796,1401.564,2.26
0.042,0.067,47.403,0.004,3.311,967.515,42.56
0.045,0.235,67.508,0.002,2.448,1087.18,39.31
0.041,-0.253,59.932,0.009,3.119,549.106,69.59
0.048,0.111,61.02,0.012,3.729,1260.568,25.86
0.026,0.133,54.051,0.012,3.427,1777.241,-17.92
0.027,-0.203,59.327,0.011,3.052,533.413,55.54
0.018,-0.251,40.792,0.006,9.117,377.242,110.19
0.042,-0.114,47.667,0.012,2.234,920.217,17.03
0.047,-0.099,54.688,0.01,4.823,1200.202,38.84
0.042,0.156,55.885,0.009,5.804,813.444,65.62
0.06,-0.091,56.483,0.005,5.886,428.717,102.54
0.035,-0.134,50.063,0.006,4.371,806.566,54.24
0.045,-0.09,46.716,0.008,3.97,1089.237,36.44
0.019,0.221,85.0,0.02,5.493,687.187,54.79
0.029,0.022,64.695,0.01,5.086,1092.902,46.87
0.045,-0.012,57.784,0.005,3.93,1315.884,43.59
0.048,0.0,48.735,0.004,1.064,946.092,28.57
0.031,0.253,45.683,0.006,3.471,838.821,28.03
0.034,-0.115,50.169,0.019,1.978,1181.738,-14.92
0.012,0.257,56.1,0.006,3.032,507.56,47.47
0.03,0.058,25.674,0.013,4.573,468.116,25.55
0.048,-0.009,30.029,0.006,5.289,743.371,53.98
0.044,0.47,43.084,0.009,8.417,653.248,64.5
0.043,-0.17,54.9,0.012,3.318,528.663,58.48
0.036,-0.044,48.65,0.005,6.204,1582.187,40.56
0.035,-0.202,72.694,0.005,5.173,1718.797,48.33
0.025,0.191,31.246,0.016,7.351,708.518,33.65
0.045,0.324,41.481,0.013,5.768,886.688,30.84
0.041,0.321,73.281,0.012,2.281,774.863,30.3
0.042,0.24,53.836,0.012,0.709,1293.0,-22.53
0.027,-0.016,64.388,0.01,5.185,1372.258,34.1
0.005,-0.046,80.717,0.018,3.337,139.094,67.7
0.051,-0.281,42.287,0.008,2.343,1040.404,27.99
0.028,0.386,50.61,0.011,1.711,327.271,31.43
0.022,0.104,48.186,0.001,4.854,1553.309,30.35
0.045,-0.069,24.636,0.004,7.817,1026.099,66.07
0.029,0.259,47.654,0.002,3.601,520.66,52.92
0.051,-0.155,64.335,0.014,5.799,753.471,69.67
0.044,0.093,59.568,-0.005,4.275,734.409,87.47
0.045,-0.011,60.667,0.006,1.663,1060.045,29.53
0.015,0.135,46.743,-0.007,6.117,1266.765,65.65
0.053,0.009,42.815,0.004,2.092,390.717,55.78
0.039,-0.241,69.77,0.006,4.548,1585.502,48.47
0.029,0.034,45.038,0.015,3.749,1492.276,-10.76
0.037,0.209,56.117,0.01,6.465,499.871,79.21
0.008,0.015,54.287,0.004,2.172,879.121,26.7
0.041,0.16,72.464,0.013,5.36,1534.323,26.32
0.02,-0.168,65.6,0.008,2.652,1343.167,26.86
0.015,0.015,33.866,0.008,3.376,715.303,31.13
0.012,-0.092,35.374,0.002,0.5,1175.736,-7.58
0.052,0.154,60.105,0.003,9.103,2048.879,51.83
0.026,0.026,51.099,0.004,5.711,892.064,68.4
0.058,0.144,45.628,0.008,2.812,596.941,42.26
0.027,0.216,66.219,0.008,2.026,918.968,23.96
0.009,0.144,54.624,0.016,3.41,948.621,0.94
0.018,0.069,52.734,0.01,6.077,640.185,59.34
0.054,-0.16,62.918,-0.006,0.5,1026.65,54.59
0.033,0.019,46.748,0.009,4.189,348.24,63.04
0.027,-0.076,73.959,0.001,8.395,583.786,135.91
0.037,-0.042,40.967,0.003,2.005,1153.298,14.75
0.043,-0.047,61.197,0.004,4.677,148.052,106.5
0.052,-0.156,72.074,0.005,9.347,1211.267,112.61
0.057,-0.332,32.718,0.001,5.891,50.0,118.44
0.03,-0.1,47.193,0.009,4.777,157.47,74.92
0.015,0.055,67.991,0.001,5.615,650.409,93.96
0.029,-0.223,68.201,0.01,3.618,964.746,50.9
0.039,0.023,49.599,0.019,7.359,1380.105,21.01
0.021,0.362,41.715,0.001,3.621,873.049,32.4
0.021,0.204,65.383,0.007,0.5,751.379,22.41
0.04,0.316,68.57,-0.005,3.639,1081.832,69.87
0.034,0.09,35.695,0.006,2.373,501.64,44.26
0.035,0.23,35.145,0.011,3.881,905.766,13.39
0.024,-0.11,55.154,0.012,3.93,370.221,66.2
0.032,-0.096,60.811,0.008,7.134,883.036,82.73
0.021,-0.473,47.813,0.012,6.03,798.065,64.62
0.048,0.234,61.51,0.021,5.079,528.293,41.71
0.051,0.297,42.058,0.017,4.494,916.016,6.34
0.007,-0.08,22.394,0.005,2.171,913.42,6.2
0.021,-0.026,46.065,0.001,0.5,1320.182,-4.54
0.013,-0.116,52.885,0.006,4.749,207.747,83.11
0.025,0.089,48.138,0.003,6.248,819.58,70.99
0.034,0.222,35.78,0.01,4.262,545.895,40.39
0.013,-0.294,26.581,0.002,3.323,1197.905,26.71
0.021,0.094,44.803,0.008,5.522,1151.565,31.46
0.02,-0.03,64.567,0.012,4.317,1053.152,36.87
0.038,0.04,69.587,0.007,8.209,568.467,115.78
0.036,0.103,68.628,0.003,7.212,1204.188,75.64
0.024,-0.014,40.577,0.014,6.611,237.948,72.13
0.038,0.001,35.848,-0.001,6.167,155.876,104.33
0.027,-0.018,58.953,0.006,1.662,339.652,57.36
0.031,0.195,60.891,0.008,5.959,836.61,61.62
0.06,0.095,57.602,0.008,5.328,1120.066,54.22
0.055,0.06,23.803,0.009,5.834,50.0,78.94
0.016,-0.209,39.864,0.011,5.584,1379.097,22.74
0.047,-0.048,51.584,0.008,5.496,902.445,62.08
0.047,0.182,58.821,0.006,10.442,222.891,140.13
0.018,0.027,62.742,0.006,4.332,890.379,61.54
0.047,0.139,54.02,0.005,6.56,1287.01,50.09
0.058,0.338,56.631,0.012,3.464,1089.776,24.08
0.018,0.207,53.188,0.005,6.239,1289.629,40.86
0.021,0.037,61.599,0.012,6.567,303.501,88.87
0.05,-0.072,56.38,0.008,5.302,684.398,73.71
0.039,-0.44,52.92,0.005,8.172,480.123,121.52
0.043,-0.01,48.243,0.011,2.555,1537.032,-5.67
0.04,-0.039,53.138,0.004,3.428,1105.745,45.77
0.041,0.09,58.784,0.011,4.967,1988.804,-0.78
0.015,-0.008,55.745,0.009,6.438,662.956,69.65
0.051,-0.038,57.332,0.005,4.895,560.13,97.05
0.053,-0.3,70.798,0.011,7.329,792.869,104.71
0.032,-0.149,55.712,0.011,3.044,1401.343,14.48
0.034,0.106,42.914,0.014,1.991,703.552,7.3
0.012,0.329,64.37,0.013,5.178,899.775,32.06
0.043,0.002,32.873,0.01,4.33,888.676,27.23
0.044,0.079,36.86,0.002,5.694,865.799,65.94
0.034,0.191,56.702,0.02,4.44,589.041,25.56
0.052,-0.126,59.23,0.001,3.752,795.084,74.3
0.03,0.086,34.569,0.013,4.335,777.959,22.99
0.043,-0.113,46.641,0.01,4.563,846.974,48.45
0.02,0.176,43.515,0.002,3.829,1227.407,21.89
0.035,0.047,45.187,0.007,4.053,1554.251,4.7
0.032,0.074,65.21,0.008,3.612,513.826,70.45
0.038,-0.121,61.891,0.015,6.385,693.203,70.88
0.029,0.147,51.732,0.004,4.927,519.995,67.69
0.033,0.395,44.357,0.007,9.465,924.841,68.37
0.047,-0.161,33.105,-0.004,4.854,634.66,85.01
0.028,-0.041,71.883,0.017,3.288,945.919,30.81
0.011,0.062,60.29,0.003,10.375,1291.451,94.3
0.061,0.162,42.107,0.01,5.41,50.0,87.81
0.056,-0.081,62.074,0.007,6.678,1046.712,73.89
0.016,-0.49,51.017,0.008,5.803,665.925,81.74
0.045,0.265,47.98,0.012,5.871,1034.169,39.03
0.027,0.157,58.093,0.016,5.678,491.412,59.6
0.039,-0.294,41.619,0.009,2.075,1328.504,7.5
0.039,-0.089,47.187,0.011,5.309,1215.312,41.03
0.031,0.302,53.7,0.01,1.585,1077.341,0.93
0.023,0.281,45.008,0.013,4.116,1167.29,4.7
0.025,0.189,61.367,0.006,2.904,551.752,53.64
0.021,-0.012,78.167,0.013,5.286,602.15,71.53
0.023,0.035,41.44,0.014,5.235,1150.974,11.57
0.034,-0.004,28.688,0.013,5.559,542.908,42.85
0.024,0.223,23.976,0.005,5.132,1428.254,2.05
0.045,-0.138,49.893,0.007,3.165,720.564,46.16
0.057,-0.125,42.716,0.009,3.926,1050.758,31.95
0.026,0.202,54.91,0.001,6.525,1689.7,38.2
0.039,0.012,53.856,0.016,6.849,567.511,68.88
0.042,0.268,29.555,0.008,1.977,877.505,0.86
0.042,-0.101,26.592,0.009,1.132,1271.673,-17.69
0.036,0.01,56.143,0.005,2.901,1230.511,25.43
0.046,-0.146,53.896,0.001,6.799,718.874,103.4
0.042,0.021,46.039,0.005,7.173,643.308,91.73
0.016,-0.246,28.8,0.009,2.466,756.746,18.86
0.048,-0.068,58.599,0.011,5.176,1429.143,27.33
0.048,-0.239,69.807,0.009,8.536,738.358,110.16
0.024,0.145,55.892,0.01,5.414,881.246,49.17
0.036,0.149,40.135,0.006,7.627,679.285,75.46
0.045,-0.291,52.624,0.01,6.697,1132.219,64.05
0.032,0.26,32.874,0.015,2.498,912.21,-15.29
0.051,0.47,66.811,0.012,4.082,448.626,57.37
0.07,0.028,53.146,0.012,4.576,462.47,67.05
0.023,-0.095,27.246,0.009,4.729,50.558,66.19
0.014,0.528,47.791,0.0,6.516,517.471,73.58
0.04,-0.217,58.486,0.003,5.399,1167.578,72.76
0.046,0.024,47.337,0.01,0.5,1379.504,-17.57
0.032,0.052,48.137,0.008,1.612,1124.223,8.11
0.057,0.262,34.858,0.01,0.5,1071.853,-21.92
0.015,0.085,59.932,0.016,4.886,799.39,40.38
0.045,-0.07,42.921,0.012,5.029,1159.966,32.36
0.026,-0.151,21.81,0.014,5.123,964.511,6.72
0.061,-0.042,46.802,0.008,2.39,1571.78,-1.16
0.065,-0.161,65.736,0.004,5.983,810.622,101.18
0.024,0.029,46.583,0.008,6.076,1387.203,25.99
0.027,-0.082,76.332,0.004,1.739,1199.646,39.28
0.048,-0.249,58.006,0.016,1.275,1144.177,6.09
0.029,0.246,56.743,0.012,4.5,50.0,70.87
0.034,-0.07,50.202,0.011,8.442,1221.676,62.64
0.035,-0.208,51.044,0.014,8.239,798.997,74.45
0.006,-0.01,48.312,-0.002,5.739,672.429,76.05
0.035,0.032,47.768,0.011,2.894,256.835,55.03
0.025,-0.294,59.432,0.001,6.451,847.765,101.62
0.028,0.08,38.898,0.008,3.505,863.421,34.16
0.057,-0.168,36.937,0.006,2.811,328.799,55.9
0.016,0.328,36.275,0.011,0.5,260.688,8.48
0.047,0.114,80.639,0.009,4.725,1044.648,56.25
0.031,-0.052,59.425,0.015,3.114,1198.682,17.0
0.031,-0.114,56.263,0.005,4.712,926.113,63.82
0.047,0.001,37.195,0.012,0.5,1310.334,-29.11
0.04,0.13,60.727,0.009,4.874,815.446,59.28
0.044,0.015,50.368,-0.0,0.5,828.259,34.15
0.05,-0.019,54.998,0.003,6.893,483.189,108.91
0.03,0.031,38.327,0.007,5.648,225.903,79.1
0.026,-0.089,54.244,0.014,3.887,1591.865,3.61
0.019,-0.042,46.066,0.01,5.738,1302.52,33.61
0.023,-0.355,41.281,0.002,2.348,292.995,69.97
0.079,0.195,62.277,0.007,4.659,912.301,68.11
0.054,0.074,30.472,0.018,6.249,809.981,28.73
0.015,-0.119,59.907,0.009,0.5,740.403,17.57
0.015,0.362,61.583,0.006,3.516,686.393,41.88
0.042,0.036,39.685,0.01,4.45,1002.508,36.27
0.043,-0.167,40.515,0.012,4.068,1177.27,20.62
0.043,0.174,48.878,0.006,7.706,1010.956,73.07
0.031,0.092,55.949,0.011,2.027,801.793,21.29
0.033,0.091,49.86,0.006,3.133,787.109,38.64
0.04,-0.057,58.07,0.012,0.5,1224.726,-4.52
0.036,0.101,76.682,0.009,7.823,1035.378,84.39
0.005,-0.027,44.892,0.01,3.958,879.076,20.94
0.032,0.12,27.987,0.004,3.536,835.639,24.2
0.022,-0.323,63.563,0.004,4.385,988.108,71.94
0.038,-0.058,75.566,0.013,5.9,662.661,79.43
0.08,0.33,57.499,0.008,5.264,1178.616,46.72
0.041,-0.118,36.772,0.009,10.325,419.657,113.22
0.03,-0.089,50.266,0.006,5.499,685.417,72.95
0.049,-0.061,36.341,0.012,3.476,1094.442,16.6
0.042,-0.199,61.0,0.005,3.265,396.847,79.84
0.041,-0.377,33.082,0.007,3.636,220.797,75.19
0.044,-0.022,47.798,0.012,1.196,875.231,12.02
0.066,0.044,37.939,0.014,4.588,171.417,66.3
0.018,0.011,53.776,0.005,6.224,330.479,88.74
0.042,-0.006,46.871,0.018,3.151,1152.638,-2.14
0.021,0.028,54.475,0.01,2.724,768.086,36.6
0.043,0.204,52.313,0.003,7.835,1364.195,63.09
0.021,-0.014,38.187,0.01,1.362,368.074,27.07
0.029,-0.083,60.776,0.006,0.5,812.419,32.51
0.031,-0.031,51.317,0.01,1.964,1009.834,11.02
0.05,0.124,38.161,0.008,1.111,381.794,36.84
0.049,0.274,83.373,0.008,5.35,1262.705,60.06
0.016,-0.093,58.67,0.003,3.706,1054.272,51.32
0.036,0.038,49.854,0.013,4.017,206.285,54.87
0.024,0.081,71.813,0.002,7.036,834.903,101.46
0.016,-0.159,77.785,0.002,2.979,1004.383,67.49
0.032,0.024,49.965,0.01,6.205,613.977,73.65
0.03,-0.244,56.864,0.016,7.825,258.054,97.09
0.071,-0.298,38.168,0.006,3.498,961.384,45.74
0.041,0.086,49.939,0.012,6.121,1734.497,7.71
0.014,-0.049,49.213,0.013,3.968,695.206,32.26
0.027,0.056,54.588,0.012,6.533,1477.696,22.97
0.05,0.017,56.659,0.006,1.043,549.084,50.19
0.066,-0.156,59.838,0.003,0.88,936.218,50.88
0.011,0.012,55.327,-0.003,3.639,1158.609,50.68
0.007,-0.202,35.05,0.007,2.544,846.635,19.65
0.063,0.27,38.861,0.014,3.363,730.906,11.82
0.041,-0.224,44.35,0.002,4.017,1140.451,52.46
0.022,-0.015,48.049,0.012,6.084,1606.582,18.42
0.043,-0.168,66.711,0.003,3.603,970.235,66.48
0.005,0.123,35.719,0.009,2.688,643.576,15.46
0.035,-0.04,46.996,0.012,3.727,774.099,35.61
0.04,-0.073,65.342,0.005,2.808,1857.883,16.12
0.049,0.174,47.802,0.009,2.445,903.963,21.94
0.02,0.025,58.446,0.006,0.951,612.235,35.9
0.036,0.113,50.046,0.012,4.653,391.973,58.37
0.021,-0.157,55.595,0.009,3.249,119.64,70.23
0.039,-0.233,48.801,0.008,6.626,995.434,63.33
0.022,0.039,61.339,0.016,1.316,1111.857,-10.19
0.029,-0.037,30.369,0.011,3.307,691.322,25.03
0.02,0.133,46.914,0.005,8.488,844.012,79.35
0.045,0.006,56.152,0.008,2.433,381.815,57.62
0.048,0.057,59.472,0.008,3.98,903.171,48.65
0.031,-0.272,72.901,0.008,1.825,1042.598,42.09
0.036,0.36,46.526,0.021,1.533,635.934,-8.91
0.013,-0.01,72.713,0.01,7.904,1526.181,54.53
0.031,0.146,42.774,-0.002,4.876,515.157,77.65
0.034,-0.13,70.601,0.005,4.794,963.391,74.22
0.074,0.075,63.445,-0.002,0.768,1189.327,49.22
0.018,-0.215,39.212,0.006,5.289,819.084,54.06
0.057,0.101,56.299,-0.002,7.046,774.609,102.73
0.05,-0.044,51.283,0.004,7.029,278.454,112.21
0.039,0.025,60.758,0.0,5.97,1392.937,65.38
0.061,0.146,48.874,0.01,2.015,782.043,28.03
0.041,-0.202,47.699,0.008,5.189,1064.946,54.52
0.041,-0.103,71.167,0.01,5.969,1119.088,62.55
0.034,0.102,50.618,0.007,0.552,598.681,21.19
0.053,0.398,63.57,0.001,2.033,770.989,48.92
0.051,-0.005,48.845,0.011,6.454,1383.793,39.14
0.026,0.126,75.333,0.018,6.427,403.121,71.17
0.015,0.001,42.503,0.01,1.093,1701.167,-40.03
0.032,0.37,43.402,0.006,6.249,552.051,62.08
0.023,-0.294,73.343,0.001,4.71,378.193,118.87
0.034,0.037,45.771,0.003,6.218,902.924,70.48
0.054,-0.273,74.415,0.01,3.104,1733.339,27.1
0.028,-0.431,64.486,0.013,5.919,85.614,113.53
0.034,0.074,49.835,0.009,6.356,793.594,61.05
0.036,0.045,26.614,0.012,3.727,1040.506,-1.76
0.048,-0.031,51.73,0.012,4.539,863.46,39.95
0.005,0.001,53.423,0.011,3.073,1002.769,9.64
0.026,0.578,68.341,0.005,8.134,562.787,92.97
0.038,-0.026,74.238,0.009,4.235,610.111,74.92
0.053,0.112,42.41,0.004,2.472,790.631,40.71
0.028,-0.097,63.217,0.008,2.925,398.045,67.91
0.007,0.073,62.716,0.01,4.779,832.125,45.6
0.044,-0.023,67.028,0.016,6.157,694.502,67.11
0.025,-0.054,58.982,0.001,1.561,661.982,51.5
0.017,0.347,24.805,0.01,8.565,978.203,40.03
0.026,0.232,49.824,0.015,5.179,121.736,58.0
0.032,0.045,35.82,0.012,5.526,758.364,33.99
0.026,-0.395,49.164,0.012,4.286,1776.942,6.4
0.005,-0.045,65.72,0.011,4.542,415.556,70.13
0.048,0.507,56.272,0.014,4.174,1364.2,-8.03
0.054,-0.022,68.073,0.003,6.739,871.862,103.14
0.045,0.219,56.785,0.001,4.483,608.817,75.14
0.018,0.28,33.823,0.008,6.188,321.743,59.64
0.032,0.059,16.708,-0.003,3.546,905.873,35.43
0.035,-0.132,54.083,0.014,4.93,1431.359,19.98
0.044,-0.418,49.005,0.014,2.731,694.316,42.37
0.045,0.143,38.323,0.006,7.176,817.615,66.7
0.024,-0.127,28.191,0.006,2.666,1254.148,0.39
0.036,0.052,41.714,0.008,3.785,986.348,28.92
0.042,-0.205,49.277,0.008,3.807,221.09,79.46
0.057,-0.028,61.322,0.009,3.721,889.555,59.49
0.046,0.026,54.641,0.011,6.089,1454.894,34.61
0.047,0.068,74.513,0.007,3.803,835.224,63.07
0.036,-0.181,37.502,0.013,7.567,50.0,95.06
0.056,0.235,64.335,0.01,2.699,1005.286,29.71
0.041,-0.087,52.662,0.005,4.873,770.617,74.14
0.022,-0.281,61.725,0.015,2.793,118.362,70.71
0.056,0.0,45.889,0.001,5.426,178.317,106.22
0.045,0.026,67.004,0.008,4.465,1240.043,42.24
0.028,0.049,56.133,0.013,4.159,557.047,44.48
0.028,0.265,42.488,0.004,7.115,487.001,82.46
0.039,-0.023,51.832,0.01,3.06,835.745,42.77
0.042,-0.002,48.646,0.011,5.79,592.319,67.13
0.038,-0.179,58.848,0.004,2.808,890.019,50.0
0.04,0.168,35.483,0.008,4.748,768.912,35.67
0.06,0.053,51.589,0.007,1.87,370.002,53.98
0.051,-0.056,57.534,0.005,3.042,645.521,61.91
0.038,-0.323,52.462,0.02,4.319,1027.101,21.06
0.049,0.28,70.857,0.004,8.492,866.767,105.46
0.02,-0.201,62.836,0.013,4.722,817.223,55.21
0.041,-0.086,51.895,0.006,8.14,1624.954,59.24
0.062,0.085,55.034,0.003,4.985,1142.415,61.65
0.032,-0.195,56.139,0.009,3.648,1190.977,26.43
0.022,-0.249,57.646,0.011,7.887,783.613,81.59
0.025,-0.362,26.441,0.013,5.461,938.058,30.21
0.019,0.15,47.779,0.016,3.086,677.56,13.52
0.023,-0.078,31.218,0.023,5.535,1161.02,-7.07
0.029,0.547,69.896,0.009,3.856,805.84,38.65
0.014,-0.159,51.148,0.005,0.5,938.951,17.29
0.035,-0.146,49.293,0.01,6.559,914.245,63.87
0.049,-0.082,64.555,0.007,6.909,842.733,90.01
0.021,0.064,57.913,0.013,8.543,2025.275,17.75
0.058,-0.065,36.199,0.002,5.429,583.352,84.96
0.043,0.13,51.007,0.02,3.953,579.715,24.64
0.05,-0.156,47.308,0.012,6.337,1127.639,48.67
0.025,-0.229,27.577,-0.0,6.37,611.932,82.7
0.048,-0.304,42.336,0.004,8.104,733.437,107.7
0.019,-0.38,49.43,0.012,4.402,415.436,62.23
0.048,-0.073,50.391,0.014,4.136,1046.623,33.52
0.038,-0.034,31.249,0.002,2.926,1051.703,22.5
0.043,-0.094,68.123,0.012,5.682,723.923,72.62
0.017,0.244,50.571,-0.002,1.094,1135.927,19.88
0.022,0.241,52.526,0.008,6.207,106.75,92.41
0.044,-0.04,57.609,0.014,5.793,567.259,63.2
0.021,-0.303,40.967,0.005,5.787,782.008,65.82
0.042,-0.082,58.389,0.0,4.804,381.087,105.36
0.014,-0.088,46.861,0.009,7.873,150.515,111.61
0.048,-0.098,39.448,0.005,6.418,726.842,81.1
0.017,-0.106,60.028,0.011,3.164,1127.608,22.33
0.043,-0.098,72.883,0.004,3.204,1362.843,38.54
0.044,-0.05,62.148,0.004,2.565,631.085,65.74
0.025,-0.094,64.922,-0.002,5.713,1143.286,84.31
0.044,0.057,44.711,0.009,2.3,1104.617,9.35
0.039,0.085,29.633,0.007,6.883,1337.443,27.8
0.027,-0.144,72.862,0.002,7.411,709.924,117.64
0.02,0.249,80.763,0.009,2.566,130.6,71.92
0.006,-0.156,73.599,0.013,4.092,878.074,54.54
0.04,-0.271,47.299,0.007,4.537,444.483,83.78
0.012,0.089,35.835,0.009,6.445,560.598,58.39
0.036,-0.127,37.08,0.009,8.041,729.512,77.25
0.031,0.078,28.428,0.002,0.792,714.429,13.27
0.045,-0.413,50.497,0.018,3.8,906.624,31.64
0.03,0.271,74.479,0.006,3.915,1131.263,50.32
0.03,0.141,50.017,0.011,1.419,702.906,17.56
0.046,-0.25,56.233,0.012,3.433,1008.279,38.77
0.04,-0.246,71.258,0.007,5.441,855.926,89.17
0.04,0.321,46.343,0.011,3.887,1224.198,7.45
0.042,-0.113,80.497,0.009,1.102,774.563,51.32
0.012,-0.13,79.889,0.001,10.823,818.429,149.45
0.046,-0.388,50.164,0.006,5.086,700.24,83.53
0.044,-0.043,43.915,0.005,4.746,785.101,62.96
0.02,-0.021,61.761,0.006,2.085,536.605,53.61
0.031,0.149,47.135,0.001,5.074,496.961,78.11
0.034,-0.232,35.808,0.014,4.139,1160.306,9.88
0.033,-0.254,69.937,0.016,0.5,416.719,35.38
0.04,0.101,69.03,0.013,2.145,722.353,28.94
0.056,0.201,54.177,0.014,6.249,1256.137,28.95
0.051,-0.263,34.32,0.006,8.777,708.92,94.86
0.015,0.215,34.787,0.005,5.308,1181.496,20.84
0.044,0.027,53.501,0.004,6.927,613.582,100.69
0.055,0.217,45.002,0.011,4.157,429.535,50.9
0.041,0.007,47.225,0.009,4.31,212.07,74.02
0.051,-0.434,66.307,0.008,6.9,1375.09,78.25
0.065,-0.007,62.265,0.014,8.158,395.252,110.85
0.05,0.211,71.294,0.01,7.362,1148.875,67.0
0.039,-0.141,38.131,0.004,2.154,450.021,51.66
0.051,-0.05,47.195,0.005,4.353,1376.954,33.18
0.037,-0.012,62.626,0.011,5.111,1732.713,20.32
0.035,-0.502,58.273,0.013,3.929,175.388,90.9
0.03,0.321,73.453,0.011,5.353,416.097,77.46
0.058,-0.142,57.888,0.017,6.305,1159.253,49.17
0.023,0.111,77.874,0.016,6.706,1055.217,54.94
0.058,0.004,59.56,0.01,8.209,1160.769,74.87
0.042,0.246,66.87,0.004,3.775,620.498,74.11
0.014,0.093,47.471,0.001,1.499,1645.014,-6.92
0.041,-0.022,52.2,0.006,5.288,897.22,59.71
0.005,-0.141,64.753,0.012,8.644,363.215,110.34
0.044,0.164,74.582,0.017,3.451,748.741,37.66
0.048,-0.317,62.209,0.01,6.011,368.573,102.27
0.026,0.136,50.836,0.014,6.031,1486.377,14.16
0.037,-0.178,71.283,0.007,4.921,585.867,90.59
0.064,0.245,21.312,0.011,4.515,1046.993,9.2
0.027,0.049,32.089,0.012,2.468,661.731,13.25
0.019,0.136,61.543,-0.002,0.5,603.845,47.28
0.057,0.035,52.198,0.006,2.054,85.898,75.22
0.064,-0.295,60.477,0.013,3.641,1089.27,48.07
0.035,-0.135,52.902,0.009,6.914,1369.673,46.59
0.05,0.141,59.993,0.002,4.273,483.613,87.38
0.055,0.05,40.598,-0.004,3.358,231.908,90.05
0.024,0.233,59.987,0.006,2.54,1171.326,21.99
0.028,0.093,65.922,0.008,5.945,191.503,103.57
0.053,-0.154,69.088,0.004,7.488,1337.813,86.28
0.06,-0.123,80.19,0.009,6.84,488.242,126.67
0.043,0.039,55.417,0.011,5.834,408.683,82.5
0.022,-0.397,55.835,0.011,1.254,949.385,24.82
0.065,0.321,30.676,-0.004,3.726,434.744,74.38
0.027,0.1,44.56,0.001,8.784,567.156,110.51
0.03,0.241,49.297,0.006,6.968,991.593,55.12
0.04,-0.265,66.704,0.011,1.117,50.0,73.01
0.058,0.244,43.446,0.01,4.378,1506.968,5.46
0.048,0.422,63.149,0.01,5.299,867.456,48.21
0.041,-0.218,51.977,0.006,2.823,332.814,74.92
0.042,0.159,49.52,0.006,0.5,443.102,37.41
0.036,0.02,55.485,0.004,4.717,1246.659,44.34
0.043,-0.258,46.524,0.012,2.767,1090.421,19.69
0.005,0.109,45.993,0.003,2.776,1404.712,1.96
0.031,0.17,28.133,0.012,3.72,576.903,13.46
0.039,-0.088,48.529,0.009,4.206,968.634,43.35
0.018,0.23,45.28,0.008,4.48,1020.627,24.1
0.041,-0.28,44.776,0.005,2.555,1128.107,32.6
0.032,-0.249,57.836,0.001,4.016,1300.912,51.03
0.061,0.045,61.221,0.005,0.634,563.094,48.91
0.059,0.025,55.251,0.006,5.184,804.332,75.18
0.028,-0.109,65.936,-0.004,0.5,605.94,69.12
0.033,0.166,60.058,0.007,3.863,828.955,48.44
0.034,0.116,47.869,0.013,6.522,1129.373,35.64
0.028,0.174,45.52,0.011,2.169,188.386,35.58
0.038,-0.002,56.38,0.006,6.076,1293.749,54.85
0.024,0.128,60.033,0.008,7.043,394.327,88.83
0.018,-0.06,71.57,0.005,0.5,727.052,38.1
0.044,0.39,68.676,0.009,4.167,1347.577,20.49
0.044,-0.126,44.419,0.016,0.5,981.204,-11.55
0.023,0.399,50.572,0.013,4.24,985.812,9.96
0.048,0.026,61.394,0.011,4.484,377.75,74.75
0.026,-0.228,66.952,0.006,0.5,432.366,53.52
0.039,0.266,65.146,0.012,8.735,1226.503,66.32
0.047,0.043,51.106,-0.0,5.129,614.343,90.43
0.034,0.173,34.444,0.007,2.632,652.035,24.23
0.042,0.24,38.015,0.011,7.724,1235.581,33.76
0.027,0.081,55.817,0.012,0.55,430.035,21.04
0.032,-0.087,56.791,0.011,1.796,957.694,18.61
0.032,0.196,36.618,0.009,0.5,867.163,-13.49
0.024,0.02,52.624,0.007,8.462,848.926,81.26
0.032,0.143,60.837,0.011,5.231,642.626,63.38
0.012,-0.368,35.883,0.003,5.951,618.058,80.47
0.028,0.1,67.47,0.004,5.162,418.654,99.17
0.031,-0.095,46.715,0.008,5.762,1043.066,49.0
0.031,0.318,69.607,0.009,4.672,582.74,62.91
0.031,0.132,44.532,-0.001,5.096,1237.498,46.56
0.034,0.063,37.627,0.01,4.737,760.178,36.15
0.042,0.108,45.586,0.012,3.161,426.62,38.71
0.048,-0.16,50.668,0.008,4.397,754.874,62.28
0.025,0.312,46.561,0.02,5.102,685.657,15.75
0.017,0.378,48.976,0.005,4.743,1253.641,19.05
0.019,0.091,56.676,0.006,1.249,702.4,34.08
0.028,0.306,49.603,0.006,1.541,739.516,26.52
0.03,-0.082,51.074,0.008,6.882,1414.619,49.53
0.023,-0.123,28.071,0.006,3.825,1053.307,22.98
0.016,0.027,57.484,0.001,5.786,1515.082,48.99
0.028,0.098,50.751,0.005,2.097,1353.618,13.03
0.038,-0.051,74.544,0.008,1.259,495.135,61.54
0.044,0.117,38.846,0.014,2.644,1245.98,-14.16
0.027,0.075,26.684,0.019,4.01,1460.121,-34.07
0.029,-0.16,60.653,0.015,3.037,1463.125,4.12
0.021,0.113,56.851,0.004,7.347,1245.238,59.71
0.035,0.175,37.882,0.005,4.895,1237.009,24.49
0.022,0.051,30.584,0.007,8.568,728.936,75.46
0.044,0.227,73.524,0.017,5.39,515.047,57.11
0.008,-0.199,71.798,0.007,0.5,709.113,35.13
0.03,0.104,17.176,0.001,6.823,184.084,85.31
0.04,-0.191,45.585,0.005,1.179,1387.118,6.78
0.038,-0.181,75.299,0.012,5.007,736.683,71.07
0.075,-0.094,45.335,0.011,2.796,1366.532,11.17
0.04,-0.15,45.131,0.007,9.214,357.4,122.12
0.02,-0.079,48.041,0.011,7.667,1283.05,46.13
0.034,-0.019,36.307,-0.003,2.868,652.048,63.08
0.008,0.171,28.133,0.009,4.22,336.252,34.71
0.034,-0.038,66.736,0.012,5.038,1500.847,24.66
0.023,-0.265,26.199,0.004,6.4,1292.925,43.83
0.049,0.225,55.462,0.004,4.564,934.717,56.81
0.027,-0.131,64.412,-0.001,2.245,863.575,60.14
0.033,0.009,31.683,0.016,2.921,1025.804,-12.23
0.025,0.1,39.06,0.004,4.49,927.851,45.19
0.061,0.056,68.985,0.009,7.216,533.09,102.0
0.03,0.217,59.46,0.011,5.441,685.179,59.36
0.062,0.106,43.358,0.016,2.798,1634.287,-26.77
0.047,-0.135,68.831,0.007,5.926,1918.863,36.63
0.042,0.412,68.892,0.005,3.649,1475.067,23.5
0.041,0.055,55.767,0.009,6.459,1041.29,51.41
0.041,-0.007,39.398,0.014,10.059,714.9,77.08
0.006,0.194,46.212,0.007,3.711,530.726,41.9
0.031,0.065,56.009,0.003,6.264,557.087,89.3
0.048,0.092,49.36,0.0,2.86,628.693,67.43
0.034,0.469,65.145,0.002,4.253,1710.466,11.56
0.014,-0.03,30.583,0.012,4.565,1572.513,-13.09
0.034,-0.037,31.08,0.006,4.074,1148.511,16.41
0.061,0.041,54.532,0.005,9.919,465.755,129.74
0.054,0.213,45.118,0.004,3.825,1207.222,25.79
0.034,-0.251,43.221,0.008,5.791,754.553,73.66
0.049,-0.334,27.247,0.007,0.5,50.0,44.62
0.03,-0.086,52.274,0.007,5.45,964.84,56.98
0.009,-0.274,51.261,0.015,7.013,513.235,66.43
0.021,-0.056,61.149,0.016,3.339,526.779,46.29
0.058,0.11,52.965,-0.0,0.5,749.837,43.75
0.031,-0.14,50.144,0.01,4.415,650.671,56.3
0.031,-0.237,68.478,0.004,4.538,836.297,86.54
0.031,0.032,33.625,0.007,6.093,817.068,51.58
0.064,0.175,59.509,0.01,8.924,99.676,127.95
0.059,-0.285,28.604,0.007,3.664,1458.111,14.02
0.068,0.168,40.263,0.009,2.616,456.649,44.69
0.033,0.167,35.023,0.011,1.933,469.041,15.96
0.039,0.192,62.947,0.009,4.936,718.579,60.33
0.012,0.239,51.084,0.005,5.555,806.666,56.86
0.057,0.416,51.811,0.005,3.3,1433.592,12.16
0.017,-0.044,36.506,0.001,6.213,957.769,61.3
0.038,0.04,47.804,0.004,5.524,1076.586,49.59
0.019,-0.055,41.311,0.018,4.595,959.814,15.08
0.026,0.02,57.368,0.004,2.515,942.585,37.13
0.022,0.296,38.125,0.002,3.44,973.892,28.53
0.026,-0.222,70.617,0.01,0.5,76.906,66.77
0.027,-0.135,28.542,0.007,5.019,750.033,40.61
0.027,0.268,40.709,0.007,4.558,1314.904,15.34
0.048,0.204,75.481,0.015,4.915,2426.932,-20.82
0.018,-0.045,45.908,0.011,5.61,368.276,71.71
0.038,0.174,33.592,0.005,5.349,1019.232,36.38
0.053,0.081,55.067,0.006,4.257,621.581,70.53
0.027,0.29,45.345,0.005,4.607,1669.061,-3.33
0.024,0.033,40.298,0.012,1.411,308.487,22.79
0.032,0.205,36.658,0.006,3.216,1099.976,7.3
0.053,0.496,85.0,-0.001,4.611,287.116,113.34
0.038,0.128,48.478,0.008,2.881,722.573,36.94
0.027,0.029,25.042,0.0,6.392,836.275,60.15
0.042,0.15,72.912,0.019,3.051,1277.877,6.75
0.018,-0.046,60.555,0.003,4.976,419.133,87.92
0.045,0.45,41.269,0.007,4.756,1115.353,24.18
0.041,0.052,38.936,0.009,6.142,857.511,55.51
0.03,-0.029,61.429,0.007,6.482,959.117,75.9
0.022,-0.13,48.543,0.007,6.027,1233.333,45.09
0.022,0.217,25.036,0.01,0.5,336.977,-6.51
0.043,0.176,77.021,0.016,7.127,1174.238,56.88
0.053,-0.07,45.924,0.012,7.86,622.438,82.2
0.025,0.124,72.938,0.015,3.439,1288.349,9.62
0.042,-0.252,69.898,0.003,5.021,983.823,83.86
0.005,0.053,37.986,0.01,2.54,766.189,15.57
0.026,0.101,66.465,0.009,0.5,613.99,25.25
0.035,0.327,42.88,0.01,2.875,1179.318,-1.54
0.021,-0.119,25.866,0.015,3.312,1354.381,-21.66
0.021,-0.21,46.056,0.007,3.719,636.859,52.92
0.025,-0.141,57.567,0.006,2.39,396.797,66.48
0.039,-0.221,45.522,0.011,2.886,1127.684,24.28
0.032,0.261,47.701,-0.001,4.476,270.588,85.17
0.005,0.299,68.01,0.007,2.806,327.795,56.21
0.005,0.078,53.491,0.007,5.696,424.92,75.89
0.026,0.24,40.194,0.003,6.0,683.82,66.65
0.042,0.044,61.828,0.013,9.737,315.467,116.91
0.005,0.003,54.767,0.003,6.976,74.48,113.88
0.028,-0.04,16.698,0.007,5.035,395.822,41.47
0.027,-0.036,57.997,0.009,3.135,1106.99,24.76
0.056,-0.259,57.486,0.015,5.146,341.382,76.92
0.029,0.068,52.282,0.008,5.219,713.892,61.55
0.041,0.013,64.484,0.013,3.371,1628.679,1.7
0.037,0.154,42.586,0.012,6.224,830.33,42.95
0.005,0.037,56.711,0.009,1.424,987.012,8.62
0.047,-0.009,30.063,0.003,3.962,471.584,57.94
0.038,-0.137,57.699,0.001,5.723,1715.39,53.33
0.043,0.033,79.343,0.009,3.867,633.482,79.94
0.094,0.153,38.072,0.005,4.045,758.758,62.4
0.005,-0.186,41.363,0.013,4.197,1376.823,2.43
0.061,0.036,42.06,0.012,2.662,777.306,24.65
0.031,0.062,53.82,0.007,7.083,869.156,78.51
0.039,-0.109,37.117,0.002,2.26,737.325,40.63
0.034,-0.086,57.897,0.011,5.2,740.067,58.35
0.029,0.062,63.856,0.003,5.41,998.201,67.52
0.026,-0.184,59.481,0.004,2.413,1071.177,42.98
0.04,0.083,27.242,0.003,4.661,592.701,51.59
0.012,-0.141,65.932,0.007,2.499,543.568,58.71
0.046,0.211,65.123,0.014,7.56,606.346,74.5
0.029,0.441,63.622,0.008,1.995,289.498,48.8
0.018,-0.135,57.22,0.006,3.061,213.828,71.09
0.028,0.116,55.083,0.0,1.807,968.867,34.05
0.054,-0.111,66.453,0.011,1.513,1225.438,23.41
0.027,0.207,78.929,0.004,8.001,1198.418,91.72
0.04,-0.208,38.657,0.009,5.694,50.0,94.32
0.024,0.107,67.094,0.006,4.809,751.974,69.13
0.046,-0.137,50.793,0.012,3.056,409.163,52.63
0.045,-0.017,50.185,0.007,6.497,907.495,66.55
0.063,-0.166,30.489,0.008,2.687,682.871,35.97
0.032,0.168,48.013,0.01,6.246,1086.765,34.46
0.045,-0.131,38.038,0.019,2.58,842.339,2.62
0.036,0.119,45.506,0.012,3.082,91.599,54.15
0.054,-0.042,36.625,0.008,6.168,463.166,73.52
0.024,-0.001,45.715,0.008,6.4,852.314,64.28
0.046,0.047,46.314,0.005,5.814,886.044,66.26
0.032,-0.117,53.355,0.003,2.191,287.729,75.04
0.034,0.058,29.394,0.005,3.517,235.416,55.19
0.036,0.295,31.763,0.004,4.845,872.498,35.79
0.039,-0.12,57.067,0.011,2.632,288.533,63.76
0.033,0.231,40.836,0.003,7.516,182.548,103.5
0.038,0.29,67.043,0.015,0.5,671.944,14.46
0.059,-0.127,55.154,0.012,2.787,654.622,46.55
0.05,-0.242,60.495,0.008,3.379,498.64,73.85
0.048,0.074,71.75,0.008,0.5,568.505,47.07
0.028,-0.079,47.664,0.005,1.428,855.534,22.93
0.022,0.356,43.957,0.009,5.876,561.935,54.46
0.049,0.026,64.204,0.013,4.567,878.279,45.11
0.048,-0.124,59.133,0.004,7.961,697.813,113.42
0.057,-0.186,49.377,0.0,7.899,917.06,104.56
0.026,0.216,71.48,0.012,5.453,1201.282,40.03
0.032,-0.083,49.029,0.01,5.189,1185.699,38.26
0.01,0.028,52.459,0.002,4.645,1365.284,35.56
0.029,0.192,52.297,0.004,0.5,1185.259,-3.09
0.05,-0.067,38.916,0.004,1.432,945.423,20.78
0.028,0.012,53.086,0.004,4.721,676.627,66.16
0.045,0.017,71.555,0.006,5.855,694.896,85.66
0.032,0.143,58.23,0.007,5.137,498.889,78.02
0.04,0.126,52.435,0.005,2.537,851.812,37.86
0.018,-0.02,49.735,0.004,6.562,1128.955,55.6
0.036,0.031,56.632,0.007,7.761,559.733,103.08
0.005,-0.047,62.497,0.009,6.564,835.113,66.36
0.032,-0.246,60.529,0.006,6.677,579.055,102.33
0.011,0.066,47.354,0.014,3.27,933.742,5.13
0.053,0.361,56.547,0.011,6.867,630.247,63.02
0.047,-0.139,58.719,0.0,4.821,554.196,95.18
0.042,-0.119,37.899,0.011,5.625,578.013,58.07
0.058,-0.137,54.355,0.011,5.304,1051.332,56.05
0.021,0.15,21.742,0.006,4.233,811.3,22.26
0.061,0.101,58.755,0.001,2.608,678.631,68.16
0.049,-0.009,61.245,0.008,4.319,954.562,48.06
0.031,-0.145,62.466,0.008,6.671,684.194,93.87
0.052,0.037,46.469,0.002,3.529,1300.607,34.8
0.018,-0.262,56.327,0.001,6.465,460.454,110.57
0.023,0.046,71.935,0.008,6.122,775.211,83.44
0.026,0.177,71.793,0.007,3.842,288.094,85.18
0.027,-0.205,51.592,0.006,7.555,711.25,97.1
0.019,-0.256,53.95,0.008,3.718,178.146,79.73
0.053,0.304,67.553,0.002,7.821,1148.527,84.06
0.031,-0.09,30.989,0.006,5.455,1156.602,37.46
0.04,0.224,47.477,0.011,4.465,1163.668,12.91
0.026,-0.008,70.698,0.006,2.547,861.549,57.19
0.008,-0.009,65.653,-0.0,4.306,498.052,89.14
0.039,0.099,57.17,0.006,4.052,529.864,64.25
0.006,-0.139,30.918,0.003,1.732,1462.069,-15.07
0.034,0.044,51.301,0.009,4.021,1424.271,9.69
0.014,-0.049,43.741,0.01,2.732,899.022,17.04
0.065,-0.218,56.635,-0.0,5.789,643.746,110.01
0.049,0.081,40.669,0.012,7.374,1397.449,27.33
0.037,-0.027,37.64,0.002,1.801,572.199,42.55
0.054,-0.008,23.092,0.016,8.267,941.54,36.13
0.022,-0.198,69.105,0.008,4.217,1390.783,41.56
0.043,0.306,46.403,0.002,2.355,515.465,48.65
0.038,0.178,54.2,0.002,6.167,1181.689,59.47
0.039,0.194,51.969,0.01,3.518,1058.224,16.63
0.054,-0.035,37.056,0.006,4.32,834.193,47.11
0.046,-0.291,34.373,0.008,3.611,452.627,57.66
0.039,0.372,37.926,0.016,2.703,560.224,5.94
0.01,0.009,41.876,0.005,6.093,965.78,51.66
0.021,-0.115,57.132,0.008,3.87,280.665,78.27
0.033,0.095,40.86,0.015,1.339,902.298,-12.28
0.036,0.23,76.451,0.009,5.712,1066.42,54.12
0.018,0.016,66.38,-0.0,1.848,1244.088,38.24
0.071,0.25,63.317,0.011,1.963,290.657,53.28
0.058,0.215,50.325,0.002,7.124,1376.499,57.13
0.044,-0.174,73.2,0.015,1.868,1528.145,3.04
0.036,-0.101,48.948,0.004,0.5,1014.061,19.17
0.032,0.192,51.562,0.023,5.87,434.781,34.83
0.021,-0.468,54.38,0.015,3.832,718.756,45.07
0.036,-0.007,61.826,0.004,4.021,830.961,63.81
0.039,-0.238,60.917,0.008,3.808,958.185,60.2
0.016,-0.066,45.348,0.012,5.01,858.793,36.02
0.04,-0.034,44.538,0.012,2.844,962.466,13.19
0.033,-0.044,60.959,0.01,7.747,813.701,80.45
0.006,-0.079,62.013,0.014,1.252,956.043,3.78
0.022,-0.177,46.493,0.007,5.479,665.791,68.73
0.029,0.433,29.779,0.006,5.913,714.725,41.23
0.063,0.356,49.098,0.006,2.829,619.59,44.42
0.043,-0.189,60.729,0.012,2.248,1616.904,-3.01
0.015,0.305,77.276,0.01,6.738,1435.56,41.11
0.042,-0.052,35.229,0.009,2.32,1072.118,10.37
0.012,0.043,46.028,0.012,3.165,1380.124,-12.87
0.051,0.009,46.548,-0.002,6.452,1169.385,75.09
0.028,-0.099,70.981,0.01,4.576,922.508,61.46
0.034,0.197,51.511,0.009,0.546,247.771,36.49
0.055,0.043,39.297,0.016,8.344,745.134,61.87
0.016,-0.066,59.822,0.0,3.334,715.985,68.08
0.014,-0.215,46.335,0.016,3.614,396.77,36.02
0.026,-0.141,34.859,0.008,5.063,255.535,73.09
0.051,-0.275,39.501,0.01,5.875,1047.088,55.96
0.012,0.022,76.277,0.016,8.814,979.802,84.29
0.005,-0.195,57.379,0.011,0.848,383.041,36.56
0.028,-0.028,53.509,0.01,6.317,551.649,75.29
0.043,0.267,48.501,0.009,6.135,1314.489,27.34
0.053,0.236,56.09,0.006,4.198,498.921,62.3
0.028,0.014,55.923,0.008,6.232,918.32,63.71
0.029,0.004,56.09,0.004,6.555,774.089,91.6
0.052,0.358,53.608,0.008,1.46,1052.545,11.82
0.007,0.114,64.163,-0.004,8.349,507.557,132.6
0.029,-0.039,52.323,0.01,1.071,886.033,13.92
0.038,-0.237,38.309,0.007,2.002,917.489,26.16
0.042,0.091,43.426,0.006,3.924,942.072,28.92
0.027,0.169,24.294,0.009,8.735,881.63,55.84
0.036,-0.094,80.375,0.001,3.822,987.844,79.58
0.005,0.072,64.079,0.018,4.43,1726.708,-19.33
0.025,-0.045,40.379,0.007,7.651,1874.519,20.81
0.042,-0.013,48.054,0.007,3.839,594.314,56.46
0.02,-0.428,43.084,0.003,1.907,50.0,77.67
0.036,-0.02,73.596,0.008,3.582,1088.198,49.41
0.042,0.194,32.122,0.015,7.516,924.501,32.99
0.03,-0.094,53.603,0.013,4.656,1274.417,22.69
0.038,0.029,50.481,0.012,8.747,963.954,65.75
0.021,-0.116,63.576,0.011,6.123,873.442,64.81
0.032,0.085,50.544,0.006,3.081,1301.563,12.68
0.044,-0.019,27.385,0.001,4.612,1357.512,25.4
0.037,-0.149,48.484,0.007,2.623,295.376,65.06
0.026,0.26,38.39,0.007,3.029,523.358,26.94
0.038,0.187,53.114,0.013,14.354,807.763,119.34
0.046,-0.089,72.078,0.01,6.741,889.375,87.36
0.005,0.11,27.648,0.016,6.394,759.607,14.75
0.052,0.117,40.797,0.014,3.129,1023.683,12.49
0.03,0.136,44.262,0.006,7.953,1248.442,58.96
0.041,-0.285,46.657,-0.001,6.919,1539.084,66.74
0.053,0.201,62.362,0.015,8.64,1081.565,62.12
0.014,-0.083,49.57,0.015,8.533,509.067,80.31
0.024,-0.044,57.821,0.001,1.246,791.05,39.7
0.031,0.495,43.239,0.016,2.058,819.859,-21.95
0.023,0.074,55.219,0.01,2.292,1055.856,11.29
0.061,-0.05,62.889,0.009,2.423,1005.267,38.87
0.022,-0.377,41.748,0.016,5.212,1670.159,-0.59
0.027,0.27,62.939,0.015,3.253,665.395,25.81
0.038,-0.222,52.733,0.011,9.06,1003.9,89.12
0.017,-0.161,66.636,0.01,8.69,1791.885,45.55
0.029,-0.04,49.18,0.011,4.486,615.917,46.92
0.04,0.275,57.337,0.006,8.802,908.059,88.49
0.03,0.159,51.432,0.008,7.774,472.048,85.51
0.034,-0.008,50.653,0.003,3.508,882.835,46.89
0.027,0.075,55.625,0.006,0.5,537.913,32.98
0.012,-0.088,59.515,0.006,4.02,1268.72,30.58
0.04,0.045,34.506,0.005,3.082,908.928,27.27
0.061,0.033,72.071,0.009,4.954,475.841,88.74
0.035,0.194,25.965,0.006,4.696,1186.227,10.24
0.038,0.194,42.413,0.011,4.639,921.866,19.53
0.045,0.109,50.68,-0.0,5.652,1231.128,60.69
0.016,-0.045,57.773,0.007,1.832,390.935,47.27
0.061,0.154,74.066,0.009,5.405,997.53,67.74
0.038,0.003,25.984,0.006,3.533,1159.337,9.68
0.059,-0.175,44.892,0.007,4.94,680.649,70.06
0.024,-0.053,22.224,0.0,6.606,346.399,86.22
0.062,0.035,52.443,0.01,1.806,833.357,28.98
0.047,0.184,55.804,0.011,3.881,1341.246,11.65
0.043,-0.013,74.271,0.01,4.239,1300.372,46.79
0.039,-0.198,53.689,0.013,3.369,678.629,38.29
0.031,0.03,66.616,0.009,6.48,336.766,98.17
0.053,0.04,60.174,0.01,2.915,677.528,52.1
0.037,0.053,45.907,0.009,3.278,662.609,40.96
0.005,0.186,32.275,0.011,2.938,1028.579,-13.24
0.018,0.203,55.85,0.0,6.903,807.999,82.18
0.032,-0.087,31.111,0.004,3.417,548.694,46.09
0.04,-0.091,70.133,0.016,5.512,1291.705,39.76
0.034,-0.167,49.731,-0.004,8.847,906.17,116.68
0.053,0.146,68.732,0.007,4.335,1024.166,57.29
0.006,0.281,45.277,0.014,6.947,160.006,67.4
0.037,-0.037,55.764,0.008,8.177,50.0,133.16
0.008,-0.023,54.931,0.006,6.76,274.982,99.1
0.046,0.284,51.369,0.009,4.463,657.783,46.19
0.034,0.111,45.943,0.006,5.913,1080.542,42.7
0.041,0.099,57.494,0.008,1.668,50.0,64.16
0.022,-0.194,39.034,0.005,2.784,1487.141,4.68
0.054,0.142,35.068,0.014,3.17,918.226,-1.17
0.051,-0.147,69.4,0.015,9.429,1394.118,71.72
0.044,-0.184,62.18,0.007,2.712,495.612,71.22
0.033,-0.042,52.922,0.001,2.68,1051.544,41.71
0.044,-0.085,75.312,0.005,2.203,884.078,63.24
0.024,-0.02,48.251,0.007,5.732,1177.075,37.43
0.048,-0.239,70.518,0.011,4.814,756.483,78.73
0.06,0.193,54.458,0.003,6.891,1039.286,80.06
0.051,0.223,37.653,0.004,5.977,1290.878,40.78
0.024,-0.331,77.873,0.011,1.463,589.529,51.82
0.04,0.196,65.87,0.013,2.724,946.898,24.5
0.016,-0.126,50.306,0.005,7.504,94.855,114.96
0.044,0.174,62.18,0.001,4.053,1131.001,50.24
0.042,0.008,46.348,0.024,7.113,1631.865,-7.63
0.007,0.025,63.608,0.012,4.171,352.226,58.59
0.018,-0.013,18.525,0.007,2.371,813.447,7.29
0.031,0.238,37.723,0.012,3.833,1202.193,-1.19
0.03,-0.203,65.71,0.007,2.37,862.567,45.8
0.017,0.129,48.505,0.012,3.256,916.04,11.55
0.041,0.218,54.906,0.009,4.942,693.6,54.06
0.039,0.149,33.145,0.008,5.626,678.739,48.42
0.032,0.438,77.87,0.007,1.002,815.322,32.26
0.024,-0.075,68.667,0.001,4.462,866.669,82.01
0.051,0.192,49.19,0.018,3.209,377.423,31.48
0.06,0.001,46.334,0.003,3.073,823.591,52.1
0.028,0.242,66.414,0.001,4.792,1477.414,36.26
0.026,0.019,79.755,0.007,3.289,682.346,73.83
0.042,-0.05,65.353,0.003,7.541,355.098,125.41
0.03,0.255,82.405,0.008,7.114,789.434,96.36
0.033,-0.068,39.087,0.011,7.1,564.155,70.91
0.046,-0.234,40.529,0.013,3.411,314.663,61.55
0.006,-0.073,35.355,0.012,2.383,905.667,2.16
0.055,0.131,58.185,0.006,4.68,565.887,70.78
0.036,0.271,54.458,0.008,4.169,600.114,49.79
0.029,0.04,49.873,0.01,3.161,911.371,25.12
0.034,0.257,63.33,-0.001,1.913,236.73,75.46
0.034,-0.224,69.253,0.011,4.409,153.372,94.44
0.009,-0.06,30.641,0.001,3.611,1118.349,20.03
0.057,-0.032,43.642,0.018,6.014,77.667,74.78
0.036,-0.001,63.482,0.006,5.963,459.329,96.75
0.042,0.035,45.452,0.007,6.922,130.064,99.45
0.049,0.144,40.825,0.004,1.73,655.545,41.07
0.02,-0.06,66.26,0.005,5.382,1021.223,67.27
0.042,0.045,33.947,0.019,2.9,894.935,-10.82
0.031,0.012,47.778,0.013,1.815,1806.749,-41.48
0.048,-0.147,56.601,0.0,3.557,1284.766,53.62
0.005,-0.0,43.967,0.016,6.851,477.537,53.05
0.034,-0.006,62.964,0.014,3.681,371.178,61.92
0.026,-0.01,44.036,0.007,7.944,1932.675,23.38
0.041,0.026,71.721,0.01,5.708,1275.029,48.52
0.042,0.034,50.24,0.008,3.633,1085.748,36.47
0.024,-0.058,61.398,0.018,7.052,879.941,54.66
0.024,0.249,62.444,0.004,5.48,959.409,59.9
0.033,-0.191,43.214,0.009,2.448,257.171,56.47
0.022,-0.11,23.251,0.006,8.589,912.816,66.79
0.048,0.52,57.051,0.001,5.071,878.493,56.17
0.029,-0.167,53.012,0.019,4.541,488.344,45.43
0.005,-0.224,59.782,0.002,2.618,634.589,62.85
0.029,0.152,48.829,0.009,7.095,1456.071,34.69
0.019,-0.354,45.974,-0.001,5.638,799.93,85.09
0.011,-0.022,80.119,0.006,5.884,1678.469,43.81
0.016,0.406,31.387,0.01,3.383,153.728,38.06
0.037,-0.258,62.275,0.004,6.335,641.148,107.95
0.055,-0.337,43.956,0.011,6.506,231.089,87.84
0.04,-0.25,47.299,0.007,3.029,366.231,72.12
0.026,0.182,47.561,0.014,1.383,518.718,10.66
0.042,0.222,40.752,0.015,5.779,976.124,20.77
0.028,-0.072,59.997,0.005,1.039,956.73,25.49
0.025,0.143,71.469,0.008,4.834,578.284,70.83
0.018,0.27,58.58,0.009,3.516,50.0,65.68
0.009,0.342,53.447,0.011,7.181,1441.077,17.55
0.029,-0.024,38.19,0.008,3.636,735.694,30.99
0.037,-0.394,59.236,0.009,6.936,403.484,106.11
0.034,-0.128,82.189,0.007,3.369,959.972,67.22
0.029,-0.057,46.67,0.009,6.7,931.778,59.4
0.021,-0.027,46.736,0.014,9.033,720.929,76.19
0.044,-0.014,44.145,0.011,2.15,909.412,15.22
0.015,0.221,45.148,0.012,5.142,387.988,44.52
0.047,0.249,15.0,0.012,10.547,1153.965,45.72
0.02,-0.011,57.67,0.007,4.646,451.253,70.03
0.024,0.218,40.162,0.01,4.636,607.772,39.97
0.013,0.084,29.456,0.003,6.235,1109.521,34.62
0.027,0.032,62.545,0.014,4.59,1331.584,16.44
0.05,0.183,36.852,-0.006,0.744,1484.31,6.1
0.043,0.033,47.259,0.008,6.991,1272.319,51.85
0.05,0.39,72.53,0.014,0.5,720.371,13.94
0.043,-0.239,32.271,0.001,3.583,233.587,82.32
0.018,-0.073,30.544,0.01,7.156,1412.022,29.41
0.03,-0.003,55.77,0.005,3.716,1398.278,20.38
0.023,0.099,68.093,0.006,2.974,581.21,57.1
0.055,0.248,29.959,0.013,6.434,1218.476,12.64
0.017,0.016,57.708,0.009,2.628,717.129,30.41
0.048,-0.236,60.134,-0.002,1.811,1450.511,38.55
0.048,0.172,23.172,0.003,5.104,644.054,53.96
0.062,0.156,63.179,0.013,4.098,1641.461,5.95
0.029,-0.33,64.272,0.01,1.764,1164.448,24.59
0.046,0.019,47.635,0.017,5.901,1569.018,-0.87
0.069,-0.266,69.533,0.016,5.522,664.481,77.33
0.026,-0.1,67.91,0.006,3.709,1012.012,52.84
0.012,-0.143,53.444,0.021,3.859,462.288,32.41
0.007,0.166,45.68,0.008,5.535,1187.596,19.46
0.046,0.041,38.38,0.003,7.119,1209.617,57.66
0.007,-0.211,51.474,0.005,3.878,1808.81,10.32
0.029,0.178,59.977,-0.003,5.94,1042.816,78.5
0.042,-0.238,47.462,0.016,5.743,1139.638,26.4
